456016203,urn:nbn:de:bvb:12-bsb00073013-5,Digital copy,Quellendigitalisat
456016204,urn:nbn:de:bvb:12-bsb00073014-1,Digital copy,Quellendigitalisat
456016205,urn:nbn:de:bvb:12-bsb00073015-6,Digital copy,Quellendigitalisat
456016206,urn:nbn:de:bvb:12-bsb00073016-1,Digital copy,Quellendigitalisat
456016207,urn:nbn:de:bvb:12-bsb00073017-7,Digital copy,Quellendigitalisat
1001080893,urn:nbn:de:bvb:12-bsb00063618-8,Digital copy,Quellendigitalisat
1001080899,urn:nbn:de:bvb:12-bsb00063622-1,Digital copy,Quellendigitalisat
1001080900,urn:nbn:de:bvb:12-bsb00065553-7,Digital copy,Quellendigitalisat
1001080945,urn:nbn:de:bvb:12-bsb00063624-2,Digital copy,Quellendigitalisat
1001080956,urn:nbn:de:bvb:12-bsb00061044-1,Digital copy,Quellendigitalisat
1001080978,urn:nbn:de:bvb:12-bsb00065558-4,Digital copy,Quellendigitalisat
1001080994,urn:nbn:de:bvb:12-bsb00063620-0,Digital copy,Quellendigitalisat
1001081343,urn:nbn:de:bvb:12-bsb00085840-1,Digital copy,Quellendigitalisat
1001081346,urn:nbn:de:bvb:12-bsb00063626-2,Digital copy,Quellendigitalisat
1001081348,urn:nbn:de:bvb:12-bsb00063630-6,Digital copy,Quellendigitalisat
1001081350,urn:nbn:de:bvb:12-bsb00062209-7,Digital copy,Quellendigitalisat
1001081364,urn:nbn:de:bvb:12-bsb00061880-2,Digital copy,Quellendigitalisat
1001081365,urn:nbn:de:bvb:12-bsb00061881-7,Digital copy,Quellendigitalisat
1001081366,urn:nbn:de:bvb:12-bsb00062210-0,Digital copy,Quellendigitalisat
1001081367,urn:nbn:de:bvb:12-bsb00065556-3,Digital copy,Quellendigitalisat
1001081373,urn:nbn:de:bvb:12-bsb00065559-4,Digital copy,Quellendigitalisat
1001081375,urn:nbn:de:bvb:12-bsb00062202-5,Digital copy,Quellendigitalisat
1001081381,urn:nbn:de:bvb:12-bsb00062203-0,Digital copy,Quellendigitalisat
1001081385,urn:nbn:de:bvb:12-bsb00062204-6,Digital copy,Quellendigitalisat
1001081386,urn:nbn:de:bvb:12-bsb00065548-8,Digital copy,Quellendigitalisat
1001081386,urn:nbn:de:bvb:12-bsb00065984-6,Digital copy,Quellendigitalisat
1001081393,urn:nbn:de:bvb:12-bsb00063636-8,Digital copy,Quellendigitalisat
1001081547,urn:nbn:de:bvb:12-bsb00065572-2,Digital copy,Quellendigitalisat
1001081548,urn:nbn:de:bvb:12-bsb00065560-6,Digital copy,Quellendigitalisat
1001081549,urn:nbn:de:bvb:12-bsb00061884-3,Digital copy,Quellendigitalisat
1001081550,urn:nbn:de:bvb:12-bsb00061048-3,Digital copy,Quellendigitalisat
1001081551,urn:nbn:de:bvb:12-bsb00061047-7,Digital copy,Quellendigitalisat
1001081553,urn:nbn:de:bvb:12-bsb00066004-6,Digital copy,Quellendigitalisat
1001081556,urn:nbn:de:bvb:12-bsb00063633-2,Digital copy,Quellendigitalisat
1001081557,urn:nbn:de:bvb:12-bsb00061049-3,Digital copy,Quellendigitalisat
1001081558,urn:nbn:de:bvb:12-bsb00065573-7,Digital copy,Quellendigitalisat
1001081580,urn:nbn:de:bvb:12-bsb00065574-3,Digital copy,Quellendigitalisat
1001081587,urn:nbn:de:bvb:12-bsb00001491-8,Digital copy,Quellendigitalisat
1001081591,urn:nbn:de:bvb:12-bsb00065561-1,Digital copy,Quellendigitalisat
1001081595,urn:nbn:de:bvb:12-bsb00065552-2,Digital copy,Quellendigitalisat
1001081598,urn:nbn:de:bvb:12-bsb00018949-6,Digital copy,Quellendigitalisat
1001081600,urn:nbn:de:bvb:12-bsb00065541-1,Digital copy,Quellendigitalisat
1001081656,urn:nbn:de:bvb:12-bsb00065599-0,Digital copy,Quellendigitalisat
1001081695,urn:nbn:de:bvb:12-bsb00065549-8,Digital copy,Quellendigitalisat
1001081727,urn:nbn:de:bvb:12-bsb00063637-3,Digital copy,Quellendigitalisat
1001081730,urn:nbn:de:bvb:12-bsb00061865-8,Digital copy,Quellendigitalisat
1001081732,urn:nbn:de:bvb:12-bsb00061864-3,Digital copy,Quellendigitalisat
1001081734,urn:nbn:de:bvb:12-bsb00065563-2,Digital copy,Quellendigitalisat
1001081739,urn:nbn:de:bvb:12-bsb00065547-3,Digital copy,Quellendigitalisat
1001081743,urn:nbn:de:bvb:12-bsb00061045-7,Digital copy,Quellendigitalisat
1001083820,urn:nbn:de:bvb:12-bsb00062207-2,Digital copy,Quellendigitalisat
1001083823,urn:nbn:de:bvb:12-bsb00062208-7,Digital copy,Quellendigitalisat
1001083836,urn:nbn:de:bvb:12-bsb00061870-7,Digital copy,Quellendigitalisat
1001083840,urn:nbn:de:bvb:12-bsb00065600-0,Digital copy,Quellendigitalisat
1001083843,urn:nbn:de:bvb:12-bsb00061868-4,Digital copy,Quellendigitalisat
1001083845,urn:nbn:de:bvb:12-bsb00061869-4,Digital copy,Quellendigitalisat
1001083849,urn:nbn:de:bvb:12-bsb00061872-7,Digital copy,Quellendigitalisat
1001083850,urn:nbn:de:bvb:12-bsb00061871-2,Digital copy,Quellendigitalisat
1001083863,urn:nbn:de:bvb:12-bsb00063635-2,Digital copy,Quellendigitalisat
1001083864,urn:nbn:de:bvb:12-bsb00065562-7,Digital copy,Quellendigitalisat
1001083865,urn:nbn:de:bvb:12-bsb00065555-8,Digital copy,Quellendigitalisat
1001083866,urn:nbn:de:bvb:12-bsb00065564-7,Digital copy,Quellendigitalisat
1001084058,urn:nbn:de:bvb:12-bsb00065542-6,Digital copy,Quellendigitalisat
1001084059,urn:nbn:de:bvb:12-bsb00065545-2,Digital copy,Quellendigitalisat
1001084060,urn:nbn:de:bvb:12-bsb00065566-8,Digital copy,Quellendigitalisat
1001084061,urn:nbn:de:bvb:12-bsb00063641-6,Digital copy,Quellendigitalisat
1001084062,urn:nbn:de:bvb:12-bsb00065567-3,Digital copy,Quellendigitalisat
1001084064,urn:nbn:de:bvb:12-bsb00066480-6,Digital copy,Quellendigitalisat
1001084065,urn:nbn:de:bvb:12-bsb00064276-3,Digital copy,Quellendigitalisat
1001084077,urn:nbn:de:bvb:12-bsb00065546-8,Digital copy,Quellendigitalisat
1001084080,urn:nbn:de:bvb:12-bsb00065575-8,Digital copy,Quellendigitalisat
1001084082,urn:nbn:de:bvb:12-bsb00066502-0,Digital copy,Quellendigitalisat
1001084088,urn:nbn:de:bvb:12-bsb00065603-6,Digital copy,Quellendigitalisat
1001084094,urn:nbn:de:bvb:12-bsb00065602-1,Digital copy,Quellendigitalisat
1001084095,urn:nbn:de:bvb:12-bsb00063642-1,Digital copy,Quellendigitalisat
1001084098,urn:nbn:de:bvb:12-bsb00063643-7,Digital copy,Quellendigitalisat
1001084100,urn:nbn:de:bvb:12-bsb00001490-3,Digital copy,Quellendigitalisat
1001084104,urn:nbn:de:bvb:12-bsb00064272-2,Digital copy,Quellendigitalisat
1001084106,urn:nbn:de:bvb:12-bsb00063644-2,Digital copy,Quellendigitalisat
1001084109,urn:nbn:de:bvb:12-bsb00065568-9,Digital copy,Quellendigitalisat
1001084119,urn:nbn:de:bvb:12-bsb00065605-7,Digital copy,Quellendigitalisat
1001084125,urn:nbn:de:bvb:12-bsb00065604-1,Digital copy,Quellendigitalisat
1001084655,urn:nbn:de:bvb:12-bsb00065550-1,Digital copy,Quellendigitalisat
1001084657,urn:nbn:de:bvb:12-bsb00061046-2,Digital copy,Quellendigitalisat
1001084659,urn:nbn:de:bvb:12-bsb00065606-2,Digital copy,Quellendigitalisat
1001084661,urn:nbn:de:bvb:12-bsb00061050-5,Digital copy,Quellendigitalisat
1001084665,urn:nbn:de:bvb:12-bsb00065608-3,Digital copy,Quellendigitalisat
1001084671,urn:nbn:de:bvb:12-bsb00065551-6,Digital copy,Quellendigitalisat
1001084689,urn:nbn:de:bvb:12-bsb00061714-2,Digital copy,Quellendigitalisat
1001084693,urn:nbn:de:bvb:12-bsb00065609-3,Digital copy,Quellendigitalisat
1001084703,urn:nbn:de:bvb:12-bsb00062216-2,Digital copy,Quellendigitalisat
1001084769,urn:nbn:de:bvb:12-bsb00061866-3,Digital copy,Quellendigitalisat
1001084772,urn:nbn:de:bvb:12-bsb00086235-7,Digital copy,Quellendigitalisat
1001084776,urn:nbn:de:bvb:12-bsb00086234-1,Digital copy,Quellendigitalisat
1001084780,urn:nbn:de:bvb:12-bsb00061885-9,Digital copy,Quellendigitalisat
1001085101,urn:nbn:de:bvb:12-bsb00065565-3,Digital copy,Quellendigitalisat
1001085199,urn:nbn:de:bvb:12-bsb00064232-1,Digital copy,Quellendigitalisat
1001085200,urn:nbn:de:bvb:12-bsb00063639-8,Digital copy,Quellendigitalisat
1001085201,urn:nbn:de:bvb:12-bsb00063640-1,Digital copy,Quellendigitalisat
1001085203,urn:nbn:de:bvb:12-bsb00073323-6,Digital copy,Quellendigitalisat
1001085204,urn:nbn:de:bvb:12-bsb00063645-7,Digital copy,Quellendigitalisat
1001085207,urn:nbn:de:bvb:12-bsb00063646-3,Digital copy,Quellendigitalisat
1001085231,urn:nbn:de:bvb:12-bsb00065543-2,Digital copy,Quellendigitalisat
1001085232,urn:nbn:de:bvb:12-bsb00065544-7,Digital copy,Quellendigitalisat
1001085235,urn:nbn:de:bvb:12-bsb00062201-0,Digital copy,Quellendigitalisat
1001085265,urn:nbn:de:bvb:12-bsb00061867-9,Digital copy,Quellendigitalisat
1001085339,urn:nbn:de:bvb:12-bsb00061883-8,Digital copy,Quellendigitalisat
1001085351,urn:nbn:de:bvb:12-bsb00064277-8,Digital copy,Quellendigitalisat
1001085822,urn:nbn:de:bvb:12-bsb00062212-0,Digital copy,Quellendigitalisat
1001085824,urn:nbn:de:bvb:12-bsb00062213-6,Digital copy,Quellendigitalisat
1001085826,urn:nbn:de:bvb:12-bsb00062214-1,Digital copy,Quellendigitalisat
1001085828,urn:nbn:de:bvb:12-bsb00062215-6,Digital copy,Quellendigitalisat
1001085830,urn:nbn:de:bvb:12-bsb00062217-7,Digital copy,Quellendigitalisat
1001085831,urn:nbn:de:bvb:12-bsb00064273-7,Digital copy,Quellendigitalisat
1001085832,urn:nbn:de:bvb:12-bsb00064282-7,Digital copy,Quellendigitalisat
1001085834,urn:nbn:de:bvb:12-bsb00064286-8,Digital copy,Quellendigitalisat
1001085836,urn:nbn:de:bvb:12-bsb00064285-3,Digital copy,Quellendigitalisat
1001085838,urn:nbn:de:bvb:12-bsb00064287-4,Digital copy,Quellendigitalisat
1001085839,urn:nbn:de:bvb:12-bsb00064280-6,Digital copy,Quellendigitalisat
1001085844,urn:nbn:de:bvb:12-bsb00064284-8,Digital copy,Quellendigitalisat
1001085845,urn:nbn:de:bvb:12-bsb00064279-4,Digital copy,Quellendigitalisat
1001085847,urn:nbn:de:bvb:12-bsb00064283-2,Digital copy,Quellendigitalisat
1001085864,urn:nbn:de:bvb:12-bsb00061874-8,Digital copy,Quellendigitalisat
1001085866,urn:nbn:de:bvb:12-bsb00061873-3,Digital copy,Quellendigitalisat
1001085869,urn:nbn:de:bvb:12-bsb00061875-3,Digital copy,Quellendigitalisat
1001085874,urn:nbn:de:bvb:12-bsb00061876-9,Digital copy,Quellendigitalisat
1001085877,urn:nbn:de:bvb:12-bsb00061877-4,Digital copy,Quellendigitalisat
1001085879,urn:nbn:de:bvb:12-bsb00061878-9,Digital copy,Quellendigitalisat
1001085880,urn:nbn:de:bvb:12-bsb00064278-4,Digital copy,Quellendigitalisat
1001085882,urn:nbn:de:bvb:12-bsb00061879-9,Digital copy,Quellendigitalisat
1001085929,urn:nbn:de:bvb:12-bsb00065598-1,Digital copy,Quellendigitalisat
1001085930,urn:nbn:de:bvb:12-bsb00064229-8,Digital copy,Quellendigitalisat
1001085933,urn:nbn:de:bvb:12-bsb00064271-6,Digital copy,Quellendigitalisat
1001085934,urn:nbn:de:bvb:12-bsb00001489-5,Digital copy,Quellendigitalisat
1001085959,urn:nbn:de:bvb:12-bsb00065856-8,Digital copy,Quellendigitalisat
1001085968,urn:nbn:de:bvb:12-bsb00066006-6,Digital copy,Quellendigitalisat
1001085970,urn:nbn:de:bvb:12-bsb00062206-6,Digital copy,Quellendigitalisat
1001085972,urn:nbn:de:bvb:12-bsb00063647-8,Digital copy,Quellendigitalisat
1001086304,urn:nbn:de:bvb:12-bsb00061053-1,Digital copy,Quellendigitalisat
1001086305,urn:nbn:de:bvb:12-bsb00064292-8,Digital copy,Quellendigitalisat
1001086306,urn:nbn:de:bvb:12-bsb00061861-7,Digital copy,Quellendigitalisat
1001086307,urn:nbn:de:bvb:12-bsb00061054-7,Digital copy,Quellendigitalisat
1001086308,urn:nbn:de:bvb:12-bsb00061718-3,Digital copy,Quellendigitalisat
1001086309,urn:nbn:de:bvb:12-bsb00061719-3,Digital copy,Quellendigitalisat
1001086310,urn:nbn:de:bvb:12-bsb00061720-5,Digital copy,Quellendigitalisat
1001086311,urn:nbn:de:bvb:12-bsb00061856-8,Digital copy,Quellendigitalisat
1001086312,urn:nbn:de:bvb:12-bsb00061857-4,Digital copy,Quellendigitalisat
1001086313,urn:nbn:de:bvb:12-bsb00061717-8,Digital copy,Quellendigitalisat
1001086314,urn:nbn:de:bvb:12-bsb00061862-2,Digital copy,Quellendigitalisat
1001086315,urn:nbn:de:bvb:12-bsb00061858-9,Digital copy,Quellendigitalisat
1001086316,urn:nbn:de:bvb:12-bsb00061860-1,Digital copy,Quellendigitalisat
1001086317,urn:nbn:de:bvb:12-bsb00061863-7,Digital copy,Quellendigitalisat
1001086330,urn:nbn:de:bvb:12-bsb00061051-1,Digital copy,Quellendigitalisat
1001086336,urn:nbn:de:bvb:12-bsb00061052-6,Digital copy,Quellendigitalisat
1001086356,urn:nbn:de:bvb:12-bsb00065571-7,Digital copy,Quellendigitalisat
1001086358,urn:nbn:de:bvb:12-bsb00065613-1,Digital copy,Quellendigitalisat
1001086366,urn:nbn:de:bvb:12-bsb00065569-9,Digital copy,Quellendigitalisat
1001086368,urn:nbn:de:bvb:12-bsb00065570-1,Digital copy,Quellendigitalisat
1001086372,urn:nbn:de:bvb:12-bsb00063648-3,Digital copy,Quellendigitalisat
1001086374,urn:nbn:de:bvb:12-bsb00064291-2,Digital copy,Quellendigitalisat
1001086389,urn:nbn:de:bvb:12-bsb00064288-9,Digital copy,Quellendigitalisat
1001086390,urn:nbn:de:bvb:12-bsb00064226-7,Digital copy,Quellendigitalisat
1001086391,urn:nbn:de:bvb:12-bsb00064227-2,Digital copy,Quellendigitalisat
1001086829,urn:nbn:de:bvb:12-bsb00064228-8,Digital copy,Quellendigitalisat
1001086830,urn:nbn:de:bvb:12-bsb00062200-4,Digital copy,Quellendigitalisat
1001086831,urn:nbn:de:bvb:12-bsb00065817-3,Digital copy,Quellendigitalisat
1001086833,urn:nbn:de:bvb:12-bsb00065597-5,Digital copy,Quellendigitalisat
1001086834,urn:nbn:de:bvb:12-bsb00065614-6,Digital copy,Quellendigitalisat
1001086879,urn:nbn:de:bvb:12-bsb00062205-1,Digital copy,Quellendigitalisat
1001087383,urn:nbn:de:bvb:12-bsb00065444-2,Digital copy,Quellendigitalisat
1001087384,urn:nbn:de:bvb:12-bsb00065446-3,Digital copy,Quellendigitalisat
1001087385,urn:nbn:de:bvb:12-bsb00061882-3,Digital copy,Quellendigitalisat
1001087391,urn:nbn:de:bvb:12-bsb00064230-0,Digital copy,Quellendigitalisat
1001086364,urn:nbn:de:bvb:12-bsb00065612-6,Digital copy,Quellendigitalisat
1001065607,urn:nbn:de:bvb:12-bsb00077025-1,Digital copy,Quellendigitalisat
1001065609,urn:nbn:de:bvb:12-bsb00077108-2,Digital copy,Quellendigitalisat
1001065618,urn:nbn:de:bvb:12-bsb00065877-4,Digital copy,Quellendigitalisat
1001066228,urn:nbn:de:bvb:12-bsb00076470-6,Digital copy,Quellendigitalisat
1001066229,urn:nbn:de:bvb:12-bsb00076990-4,Digital copy,Quellendigitalisat
1001066239,urn:nbn:de:bvb:12-bsb00077192-3,Digital copy,Quellendigitalisat
1001066294,urn:nbn:de:bvb:12-bsb00076988-7,Digital copy,Quellendigitalisat
1001066574,urn:nbn:de:bvb:12-bsb00060215-6,Digital copy,Quellendigitalisat
1001066575,urn:nbn:de:bvb:12-bsb00077142-1,Digital copy,Quellendigitalisat
1001066576,urn:nbn:de:bvb:12-bsb00077185-8,Digital copy,Quellendigitalisat
1001066577,urn:nbn:de:bvb:12-bsb00056583-3,Digital copy,Quellendigitalisat
1001066578,urn:nbn:de:bvb:12-bsb00076982-5,Digital copy,Quellendigitalisat
1001066600,urn:nbn:de:bvb:12-bsb00056008-2,Digital copy,Quellendigitalisat
1001066611,urn:nbn:de:bvb:12-bsb00076468-4,Digital copy,Quellendigitalisat
1001066650,urn:nbn:de:bvb:12-bsb00077190-2,Digital copy,Quellendigitalisat
1001066661,urn:nbn:de:bvb:12-bsb00077194-3,Digital copy,Quellendigitalisat
1001066967,urn:nbn:de:bvb:12-bsb00064505-6,Digital copy,Quellendigitalisat
1001066968,urn:nbn:de:bvb:12-bsb00056005-6,Digital copy,Quellendigitalisat
1001066972,urn:nbn:de:bvb:12-bsb00077184-2,Digital copy,Quellendigitalisat
1001066975,urn:nbn:de:bvb:12-bsb00046680-7,Digital copy,Quellendigitalisat
1001067004,urn:nbn:de:bvb:12-bsb00077189-4,Digital copy,Quellendigitalisat
1001067011,urn:nbn:de:bvb:12-bsb00077070-1,Digital copy,Quellendigitalisat
1001067016,urn:nbn:de:bvb:12-bsb00056007-7,Digital copy,Quellendigitalisat
1001067019,urn:nbn:de:bvb:12-bsb00076465-8,Digital copy,Quellendigitalisat
1001067189,urn:nbn:de:bvb:12-bsb00077112-5,Digital copy,Quellendigitalisat
1001067211,urn:nbn:de:bvb:12-bsb00056006-1,Digital copy,Quellendigitalisat
1001067230,urn:nbn:de:bvb:12-bsb00076292-3,Digital copy,Quellendigitalisat
1001067237,urn:nbn:de:bvb:12-bsb00086257-8,Digital copy,Quellendigitalisat
1001067491,urn:nbn:de:bvb:12-bsb00077186-3,Digital copy,Quellendigitalisat
1001067494,urn:nbn:de:bvb:12-bsb00077188-4,Digital copy,Quellendigitalisat
1001067495,urn:nbn:de:bvb:12-bsb00077195-9,Digital copy,Quellendigitalisat
1001067507,urn:nbn:de:bvb:12-bsb00056582-7,Digital copy,Quellendigitalisat
1001067516,urn:nbn:de:bvb:12-bsb00043847-9,Digital copy,Quellendigitalisat
1001067520,urn:nbn:de:bvb:12-bsb00077197-0,Digital copy,Quellendigitalisat
1001067533,urn:nbn:de:bvb:12-bsb00077187-8,Digital copy,Quellendigitalisat
1001067536,urn:nbn:de:bvb:12-bsb00076472-7,Digital copy,Quellendigitalisat
1001067780,urn:nbn:de:bvb:12-bsb00076302-5,Digital copy,Quellendigitalisat
1001067781,urn:nbn:de:bvb:12-bsb00077191-7,Digital copy,Quellendigitalisat
1001067782,urn:nbn:de:bvb:12-bsb00077140-0,Digital copy,Quellendigitalisat
1001067835,urn:nbn:de:bvb:12-bsb00076984-6,Digital copy,Quellendigitalisat
1001067837,urn:nbn:de:bvb:12-bsb00077104-1,Digital copy,Quellendigitalisat
1001067887,urn:nbn:de:bvb:12-bsb00076981-9,Digital copy,Quellendigitalisat
1001068219,urn:nbn:de:bvb:12-bsb00077193-8,Digital copy,Quellendigitalisat
1001068510,urn:nbn:de:bvb:12-bsb00077196-4,Digital copy,Quellendigitalisat
1001068514,urn:nbn:de:bvb:12-bsb00076986-7,Digital copy,Quellendigitalisat
1001068517,urn:nbn:de:bvb:12-bsb00076289-4,Digital copy,Quellendigitalisat
458001517,urn:nbn:de:bvb:12-bsb00064504-1,Digital copy,Quellendigitalisat
458001522,urn:nbn:de:bvb:12-bsb00076297-0,Digital copy,Quellendigitalisat
458001523,urn:nbn:de:bvb:12-bsb00084048-8,Digital copy,Quellendigitalisat
458001530,urn:nbn:de:bvb:12-bsb00076445-7,Digital copy,Quellendigitalisat
458001550,urn:nbn:de:bvb:12-bsb00068614-1,Digital copy,Quellendigitalisat
458001576,urn:nbn:de:bvb:12-bsb00076012-5,Digital copy,Quellendigitalisat
458001585,urn:nbn:de:bvb:12-bsb00076446-2,Digital copy,Quellendigitalisat
458001601,urn:nbn:de:bvb:12-bsb00076463-7,Digital copy,Quellendigitalisat
458001602,urn:nbn:de:bvb:12-bsb00076447-8,Digital copy,Quellendigitalisat
458001643,urn:nbn:de:bvb:12-bsb00076449-3,Digital copy,Quellendigitalisat
458001644,urn:nbn:de:bvb:12-bsb00076451-1,Digital copy,Quellendigitalisat
458001650,urn:nbn:de:bvb:12-bsb00076464-2,Digital copy,Quellendigitalisat
458001655,urn:nbn:de:bvb:12-bsb00076467-8,Digital copy,Quellendigitalisat
458001662,urn:nbn:de:bvb:12-bsb00064487-4,Digital copy,Quellendigitalisat
458001663,urn:nbn:de:bvb:12-bsb00076461-6,Digital copy,Quellendigitalisat
458001664,urn:nbn:de:bvb:12-bsb00076300-4,Digital copy,Quellendigitalisat
458001672,urn:nbn:de:bvb:12-bsb00076287-8,Digital copy,Quellendigitalisat
458001682,urn:nbn:de:bvb:12-bsb00046678-4,Digital copy,Quellendigitalisat
458001709,urn:nbn:de:bvb:12-bsb00076290-2,Digital copy,Quellendigitalisat
458001722,urn:nbn:de:bvb:12-bsb00076288-4,Digital copy,Quellendigitalisat
458001723,urn:nbn:de:bvb:12-bsb00076294-4,Digital copy,Quellendigitalisat
458001724,urn:nbn:de:bvb:12-bsb00076295-9,Digital copy,Quellendigitalisat
458001726,urn:nbn:de:bvb:12-bsb00076301-0,Digital copy,Quellendigitalisat
458001747,urn:nbn:de:bvb:12-bsb00059047-1,Digital copy,Quellendigitalisat
458001752,urn:nbn:de:bvb:12-bsb00076299-5,Digital copy,Quellendigitalisat
458001761,urn:nbn:de:bvb:12-bsb00076303-0,Digital copy,Quellendigitalisat
458001764,urn:nbn:de:bvb:12-bsb00076291-7,Digital copy,Quellendigitalisat
458001867,urn:nbn:de:bvb:12-bsb00076296-4,Digital copy,Quellendigitalisat
458001868,urn:nbn:de:bvb:12-bsb00076298-5,Digital copy,Quellendigitalisat
