Link Muscat,1,856$u,856$x,856$3
https://muscat.rism.info/admin/sources/00000990042761,990042761,http://permalink.obvsg.at/ISM/AC09154584,Other,164623
https://muscat.rism.info/admin/sources/00000990042813,990042813,http://permalink.obvsg.at/ISM/AC13333531,Other,164933
https://muscat.rism.info/admin/sources/00000990042894,990042894,http://permalink.obvsg.at/ISM/AC09198233,Other,165344
https://muscat.rism.info/admin/sources/00000990043005,990043005,http://permalink.obvsg.at/ISM/AC13435808,Other,165935
https://muscat.rism.info/admin/sources/00000990043181,990043181,http://permalink.obvsg.at/ISM/AC13671392,Other,166734
https://muscat.rism.info/admin/sources/00000990043261,990043261,http://permalink.obvsg.at/ISM/AC13700266,Other,166987
https://muscat.rism.info/admin/sources/00000990043350,990043350,http://permalink.obvsg.at/ISM/AC13711632,Other,167517
https://muscat.rism.info/admin/sources/00000990043500,990043500,http://permalink.obvsg.at/ISM/AC13712560,Other,168395
https://muscat.rism.info/admin/sources/00000990043563,990043563,http://permalink.obvsg.at/ISM/AC13714431,Other,168555
https://muscat.rism.info/admin/sources/00000990043601,990043601,http://permalink.obvsg.at/ISM/AC12309378,Other,168677
https://muscat.rism.info/admin/sources/00000990043659,990043659,http://permalink.obvsg.at/ISM/AC13726663,Other,168956
https://muscat.rism.info/admin/sources/00000990043672,990043672,http://permalink.obvsg.at/ISM/AC09155014,Other,169112
https://muscat.rism.info/admin/sources/00000990043691,990043691,http://permalink.obvsg.at/ISM/AC13726977,Other,169156
https://muscat.rism.info/admin/sources/00000990043692,990043692,http://permalink.obvsg.at/ISM/AC13727025,Other,169159
https://muscat.rism.info/admin/sources/00000990043694,990043694,http://permalink.obvsg.at/ISM/AC13727119,Other,169168
https://muscat.rism.info/admin/sources/00000990043695,990043695,http://permalink.obvsg.at/ISM/AC13727145,Other,169172
https://muscat.rism.info/admin/sources/00000990043698,990043698,http://permalink.obvsg.at/ISM/AC13727217,Other,169183
https://muscat.rism.info/admin/sources/00000990043699,990043699,http://permalink.obvsg.at/ISM/AC13727242,Other,169188
https://muscat.rism.info/admin/sources/00000990043700,990043700,http://permalink.obvsg.at/ISM/AC13727255,Other,169194
https://muscat.rism.info/admin/sources/00000990043701,990043701,http://permalink.obvsg.at/ISM/AC13727269,Other,169198
https://muscat.rism.info/admin/sources/00000990043702,990043702,http://permalink.obvsg.at/ISM/AC13727288,Other,169202
https://muscat.rism.info/admin/sources/00000990043703,990043703,http://permalink.obvsg.at/ISM/AC13727310,Other,169207
https://muscat.rism.info/admin/sources/00000990043704,990043704,http://permalink.obvsg.at/ISM/AC09155017,Other,169212
https://muscat.rism.info/admin/sources/00000990043714,990043714,http://permalink.obvsg.at/ISM/AC13724951,Other,169247
https://muscat.rism.info/admin/sources/00000990043790,990043790,http://permalink.obvsg.at/ISM/AC13245453,Other,169490
https://muscat.rism.info/admin/sources/00000990043820,990043820,http://permalink.obvsg.at/ISM/AC13374567,Other,169834
https://muscat.rism.info/admin/sources/00000990043915,990043915,http://permalink.obvsg.at/ISM/AC13430571,Other,170270
https://muscat.rism.info/admin/sources/00000990044017,990044017,http://permalink.obvsg.at/ISM/AC12309681,Other,170589
https://muscat.rism.info/admin/sources/00000990044239,990044239,http://permalink.obvsg.at/ISM/AC09155074,Other,171776
https://muscat.rism.info/admin/sources/00000990044324,990044324,http://permalink.obvsg.at/ISM/AC09154532,Other,172159
https://muscat.rism.info/admin/sources/00000990044329,990044329,http://permalink.obvsg.at/ISM/AC13067349,Other,172205
https://muscat.rism.info/admin/sources/00000990044334,990044334,http://permalink.obvsg.at/ISM/AC13270417,Other,172241
https://muscat.rism.info/admin/sources/00000990044341,990044341,http://permalink.obvsg.at/ISM/AC13270501,Other,172281
https://muscat.rism.info/admin/sources/00000990044344,990044344,http://permalink.obvsg.at/ISM/AC09154681,Other,172319
https://muscat.rism.info/admin/sources/00000990044349,990044349,http://permalink.obvsg.at/ISM/AC09154683,Other,172359
https://muscat.rism.info/admin/sources/00000990044350,990044350,http://permalink.obvsg.at/ISM/AC13379051,Other,172369
https://muscat.rism.info/admin/sources/00000990044358,990044358,http://permalink.obvsg.at/ISM/AC09198503,Other,172417
https://muscat.rism.info/admin/sources/00000990044382,990044382,http://permalink.obvsg.at/ISM/AC09154902,Other,172628
https://muscat.rism.info/admin/sources/00000990044466,990044466,http://permalink.obvsg.at/ISM/AC09198814,Other,173051
https://muscat.rism.info/admin/sources/00000990044479,990044479,http://permalink.obvsg.at/ISM/AC09154498,Other,173123
https://muscat.rism.info/admin/sources/00000990044484,990044484,http://permalink.obvsg.at/ISM/AC09154788,Other,173166
https://muscat.rism.info/admin/sources/00000990044509,990044509,http://permalink.obvsg.at/ISM/AC09154780,Other,173323
https://muscat.rism.info/admin/sources/00000990044537,990044537,http://permalink.obvsg.at/ISM/AC09283781,Other,173540
https://muscat.rism.info/admin/sources/00000990044553,990044553,http://permalink.obvsg.at/ISM/AC09198854,Other,173656
https://muscat.rism.info/admin/sources/00000990044697,990044697,http://permalink.obvsg.at/ISM/AC09154760,Other,174544
https://muscat.rism.info/admin/sources/00000990044820,990044820,http://permalink.obvsg.at/ISM/AC13375694,Other,175164
https://muscat.rism.info/admin/sources/00000990044841,990044841,http://permalink.obvsg.at/ISM/AC12678864,Other,175264
https://muscat.rism.info/admin/sources/00000990044915,990044915,http://permalink.obvsg.at/ISM/AC09154765,Other,175646
https://muscat.rism.info/admin/sources/00000990044916,990044916,http://permalink.obvsg.at/ISM/AC13468603,Other,175653
https://muscat.rism.info/admin/sources/00000990044932,990044932,http://permalink.obvsg.at/ISM/AC13695208,Other,175713
https://muscat.rism.info/admin/sources/00000990044957,990044957,http://permalink.obvsg.at/ISM/AC13380090,Other,175809
https://muscat.rism.info/admin/sources/00000990044999,990044999,http://permalink.obvsg.at/ISM/AC12262580,Other,175998
https://muscat.rism.info/admin/sources/00000990045011,990045011,http://permalink.obvsg.at/ISM/AC13320559,Other,176048
https://muscat.rism.info/admin/sources/00000990045026,990045026,http://permalink.obvsg.at/ISM/AC13286859,Other,176087
https://muscat.rism.info/admin/sources/00000990045066,990045066,http://permalink.obvsg.at/ISM/AC13383868,Other,176263
https://muscat.rism.info/admin/sources/00000990045179,990045179,http://permalink.obvsg.at/ISM/AC09155077,Other,176598
https://muscat.rism.info/admin/sources/00000990045189,990045189,http://permalink.obvsg.at/ISM/AC09154610,Other,176654
https://muscat.rism.info/admin/sources/00000990045312,990045312,http://permalink.obvsg.at/ISM/AC09199095,Other,177172
https://muscat.rism.info/admin/sources/00000990045380,990045380,http://permalink.obvsg.at/ISM/AC13682626,Other,177488
https://muscat.rism.info/admin/sources/00000990045449,990045449,http://permalink.obvsg.at/ISM/AC09155077,Other,177752
https://muscat.rism.info/admin/sources/00000990045456,990045456,http://permalink.obvsg.at/ISM/AC13745879,Other,177796
https://muscat.rism.info/admin/sources/00000990045607,990045607,http://permalink.obvsg.at/ISM/AC13696810,Other,178331
https://muscat.rism.info/admin/sources/00000990045657,990045657,http://permalink.obvsg.at/ISM/AC12317876,Other,178486
https://muscat.rism.info/admin/sources/00000990045724,990045724,http://permalink.obvsg.at/ISM/AC09154912,Other,178757
https://muscat.rism.info/admin/sources/00000990045763,990045763,http://permalink.obvsg.at/ISM/AC13468603,Other,178879
https://muscat.rism.info/admin/sources/00000990045764,990045764,http://permalink.obvsg.at/ISM/AC15153048,Other,178885
https://muscat.rism.info/admin/sources/00000990045765,990045765,http://permalink.obvsg.at/ISM/AC13320262,Other,178887
https://muscat.rism.info/admin/sources/00000990045770,990045770,http://permalink.obvsg.at/ISM/AC13320649,Other,178899
https://muscat.rism.info/admin/sources/00000990044022,990044022,http://permalink.obvsg.at/ISM/AC12309942,Other,51002868
https://muscat.rism.info/admin/sources/990044950,990044950,http://permalink.obvsg.at/ISM/AC09198698,Other,51002870
https://muscat.rism.info/admin/sources/00000990042730,990042730,http://permalink.obvsg.at/ISM/AC13586292,Other,51002947
https://muscat.rism.info/admin/sources/00000990045342,990045342,http://permalink.obvsg.at/ISM/AC09199041,Other,51002949
https://muscat.rism.info/admin/sources/00000990042818,990042818,http://permalink.obvsg.at/ISM/AC09154615,Other,51002951
https://muscat.rism.info/admin/sources/00000990044646,990044646,http://permalink.obvsg.at/ISM/AC07488095,Other,51002955
https://muscat.rism.info/admin/sources/00000990045077,990045077,http://permalink.obvsg.at/ISM/AC09154720,Other,51003012
https://muscat.rism.info/admin/sources/00000990045081,990045081,http://permalink.obvsg.at/ISM/AC09154722,Other,51003013
https://muscat.rism.info/admin/sources/00000990045356,990045356,http://permalink.obvsg.at/ISM/AC13397179,Other,51003025
https://muscat.rism.info/admin/sources/00000990044848,990044848,http://permalink.obvsg.at/ISM/AC09154714,Other,51003026
https://muscat.rism.info/admin/sources/00000990045220,990045220,http://permalink.obvsg.at/ISM/AC13344787,Other,51003037
https://muscat.rism.info/admin/sources/00000990063205,990063205,http://permalink.obvsg.at/ISM/AC13457654,Other,51003040
https://muscat.rism.info/admin/sources/00000990043109,990043109,http://permalink.obvsg.at/ISM/AC13677542,Other,51003043
https://muscat.rism.info/admin/sources/00000990045379,990045379,http://permalink.obvsg.at/ISM/AC09154826,Other,51003044
https://muscat.rism.info/admin/sources/00000990044090,990044090,http://permalink.obvsg.at/ISM/AC09154837,Other,51003045
https://muscat.rism.info/admin/sources/00000990045255,990045255,http://permalink.obvsg.at/ISM/AC09154796,Other,51003046
https://muscat.rism.info/admin/sources/00000990045069,990045069,http://permalink.obvsg.at/ISM/AC14488422,Other,51003047
https://muscat.rism.info/admin/sources/00000990044901,990044901,http://permalink.obvsg.at/ISM/AC13464581,Other,51003059
https://muscat.rism.info/admin/sources/00000990045041,990045041,http://permalink.obvsg.at/ISM/AC13345419,Other,51003062
https://muscat.rism.info/admin/sources/00000990045327,990045327,http://permalink.obvsg.at/ISM/AC13326771,Other,51003066
https://muscat.rism.info/admin/sources/00000990016582,990016582,http://permalink.obvsg.at/ISM/AC12316964,Other,51003068
https://muscat.rism.info/admin/sources/00000990043140,990043140,http://permalink.obvsg.at/ISM/AC13677612,Other,51003079
https://muscat.rism.info/admin/sources/00000990043133,990043133,http://permalink.obvsg.at/ISM/AC13677634,Other,51003080
https://muscat.rism.info/admin/sources/00000990043137,990043137,http://permalink.obvsg.at/ISM/AC13674894,Other,51003085
https://muscat.rism.info/admin/sources/00000990044705,990044705,http://permalink.obvsg.at/ISM/AC12267176,Other,51003092
https://muscat.rism.info/admin/sources/00000990044718,990044718,http://permalink.obvsg.at/ISM/AC13698414,Other,51003144
https://muscat.rism.info/admin/sources/00000990043484,990043484,http://permalink.obvsg.at/ISM/AC12242010,Other,51003153
https://muscat.rism.info/admin/sources/00000990045470,990045470,http://permalink.obvsg.at/ISM/AC13313186,Other,51003154
https://muscat.rism.info/admin/sources/00000991028369,991028369,http://permalink.obvsg.at/ISM/AC09154665,Other,51003168
https://muscat.rism.info/admin/sources/00000990045650,990045650,http://permalink.obvsg.at/ISM/AC09155115,Other,51003169
https://muscat.rism.info/admin/sources/00000990044710,990044710,http://permalink.obvsg.at/ISM/AC14475679,Other,51003170
https://muscat.rism.info/admin/sources/00000990044493,990044493,http://permalink.obvsg.at/ISM/AC09154790,Other,51003173
https://muscat.rism.info/admin/sources/00000990044838,990044838,http://permalink.obvsg.at/ISM/AC13694298,Other,51003174
https://muscat.rism.info/admin/sources/00000990043074,990043074,http://permalink.obvsg.at/ISM/AC12662955,Other,51003176
https://muscat.rism.info/admin/sources/00000990045363,990045363,http://permalink.obvsg.at/ISM/AC13410998,Other,51003180
https://muscat.rism.info/admin/sources/00000990044468,990044468,http://permalink.obvsg.at/ISM/AC09155084,Other,51003181
https://muscat.rism.info/admin/sources/00000990044941,990044941,http://permalink.obvsg.at/ISM/AC09155081,Other,51003182
https://muscat.rism.info/admin/sources/00000990044541,990044541,http://permalink.obvsg.at/ISM/AC09154900,Other,51003183
https://muscat.rism.info/admin/sources/00000990044987,990044987,http://permalink.obvsg.at/ISM/AC09155076,Other,51003186
https://muscat.rism.info/admin/sources/00000990044063,990044063,http://permalink.obvsg.at/ISM/AC09154667,Other,51003187
https://muscat.rism.info/admin/sources/00000990043491,990043491,http://permalink.obvsg.at/ISM/AC13731627,Other,51003189
https://muscat.rism.info/admin/sources/00000990043352,990043352,http://permalink.obvsg.at/ISM/AC13718365,Other,51003197
https://muscat.rism.info/admin/sources/00000990043589,990043589,http://permalink.obvsg.at/ISM/AC13719133,Other,51003198
https://muscat.rism.info/admin/sources/00000990016572,990016572,http://permalink.obvsg.at/ISM/AC09155113,Other,51003242
https://muscat.rism.info/admin/sources/00000990045455,990045455,http://permalink.obvsg.at/ISM/AC09155113,Other,51003243
https://muscat.rism.info/admin/sources/00000990045691,990045691,http://permalink.obvsg.at/ISM/AC13683992,Other,51003244
https://muscat.rism.info/admin/sources/00000991028484,991028484,http://permalink.obvsg.at/ISM/AC13320778,Other,51003245
https://muscat.rism.info/admin/sources/00000990043558,990043558,http://permalink.obvsg.at/ISM/AC09198293,Other,51003247
https://muscat.rism.info/admin/sources/00000990044016,990044016,http://permalink.obvsg.at/ISM/AC12309840,Other,51003248
https://muscat.rism.info/admin/sources/00000990042991,990042991,http://permalink.obvsg.at/ISM/AC13441575,Other,51003249
https://muscat.rism.info/admin/sources/00000990043349,990043349,http://permalink.obvsg.at/ISM/AC09154993,Other,51003250
https://muscat.rism.info/admin/sources/00000990044019,990044019,http://permalink.obvsg.at/ISM/AC12309899,Other,51003255
https://muscat.rism.info/admin/sources/00000990043697,990043697,http://permalink.obvsg.at/ISM/AC13727181,Other,51003256
https://muscat.rism.info/admin/sources/00000990043971,990043971,http://permalink.obvsg.at/ISM/AC09155098,Other,51003260
https://muscat.rism.info/admin/sources/00000990044589,990044589,http://permalink.obvsg.at/ISM/AC13479998,Other,51003265
https://muscat.rism.info/admin/sources/00000990045304,990045304,http://permalink.obvsg.at/ISM/AC13355549,Other,51003267
https://muscat.rism.info/admin/sources/00000990043397,990043397,http://permalink.obvsg.at/ISM/AC15018470,Other,51003268
https://muscat.rism.info/admin/sources/00000990045457,990045457,http://permalink.obvsg.at/ISM/AC09116683,Other,51003271
https://muscat.rism.info/admin/sources/00000990045211,990045211,http://permalink.obvsg.at/ISM/AC12143958,Other,51003275
https://muscat.rism.info/admin/sources/00000990045223,990045223,http://permalink.obvsg.at/ISM/AC09286405,Other,51003278
https://muscat.rism.info/admin/sources/00000990016575,990016575,http://permalink.obvsg.at/ISM/AC15016489,Other,51003282
https://muscat.rism.info/admin/sources/00000990044657,990044657,http://permalink.obvsg.at/ISM/AC13466736,Other,51003283
https://muscat.rism.info/admin/sources/00000990045661,990045661,http://permalink.obvsg.at/ISM/AC13758743,Other,51003314
https://muscat.rism.info/admin/sources/00000990044703,990044703,http://permalink.obvsg.at/ISM/AC13466365,Other,51003317
https://muscat.rism.info/admin/sources/00000990045458,990045458,http://permalink.obvsg.at/ISM/AC12317638,Other,51003318
https://muscat.rism.info/admin/sources/00000990045451,990045451,http://permalink.obvsg.at/ISM/AC13696291,Other,51003340
https://muscat.rism.info/admin/sources/00000990042768,990042768,http://permalink.obvsg.at/ISM/AC12611902,Other,51003346
https://muscat.rism.info/admin/sources/00000990044152,990044152,http://permalink.obvsg.at/ISM/AC09198592,Other,51003347
https://muscat.rism.info/admin/sources/00000990043907,990043907,http://permalink.obvsg.at/ISM/AC09154712,Other,51003348
https://muscat.rism.info/admin/sources/00000990043284,990043284,http://permalink.obvsg.at/ISM/AC13702490,Other,51003349
https://muscat.rism.info/admin/sources/00000991027352,991027352,http://permalink.obvsg.at/ISM/AC15153048,Other,51003350
https://muscat.rism.info/admin/sources/00000990043272,990043272,http://permalink.obvsg.at/ISM/AC13702320,Other,51003370
https://muscat.rism.info/admin/sources/00000990042769,990042769,http://permalink.obvsg.at/ISM/AC09154587,Other,51003371
https://muscat.rism.info/admin/sources/00000990045153,990045153,http://permalink.obvsg.at/ISM/AC09155080,Other,51003393
https://muscat.rism.info/admin/sources/00000990044872,990044872,http://permalink.obvsg.at/ISM/AC09154686,Other,51003395
https://muscat.rism.info/admin/sources/00000990044795,990044795,http://permalink.obvsg.at/ISM/AC15018264,Other,51003396
https://muscat.rism.info/admin/sources/00000990044542,990044542,http://permalink.obvsg.at/ISM/AC13058720,Other,51003397
https://muscat.rism.info/admin/sources/00000990044456,990044456,http://permalink.obvsg.at/ISM/AC13284678,Other,51003398
https://muscat.rism.info/admin/sources/00000990045216,990045216,http://permalink.obvsg.at/ISM/AC14492363,Other,51003399
https://muscat.rism.info/admin/sources/00000990043994,990043994,http://permalink.obvsg.at/ISM/AC13744910,Other,51003400
https://muscat.rism.info/admin/sources/00000990043903,990043903,http://permalink.obvsg.at/ISM/AC13782112,Other,51003405
https://muscat.rism.info/admin/sources/00000990044558,990044558,https://permalink.obvsg.at/ISM/AC09154919,Other,51005416
https://muscat.rism.info/admin/sources/00000990042735,990042735,http://permalink.obvsg.at/ISM/AC13707765;http://permalink.obvsg.at/ISM/AC13707765,Other;Other,164388;51003241
https://muscat.rism.info/admin/sources/00000990042819,990042819,http://permalink.obvsg.at/ISM/AC13346911;http://permalink.obvsg.at/ISM/AC13346911,Other;Other,164999;51003277
https://muscat.rism.info/admin/sources/00000990042823,990042823,http://permalink.obvsg.at/ISM/AC09154618;http://permalink.obvsg.at/ISM/AC13350985,Other;Other,165055;51003403
https://muscat.rism.info/admin/sources/00000990043607,990043607,http://permalink.obvsg.at/ISM/AC13713612;http://permalink.obvsg.at/ISM/AC13713628,Other;Other,168703;51003179
https://muscat.rism.info/admin/sources/00000990043645,990043645,http://permalink.obvsg.at/ISM/AC09197888;http://permalink.obvsg.at/ISM/AC09197888,Other;Other,168812;51003270
https://muscat.rism.info/admin/sources/00000990043925,990043925,http://permalink.obvsg.at/ISM/AC13640831;http://permalink.obvsg.at/ISM/AC13782021,Other;Other,170297;51003055
https://muscat.rism.info/admin/sources/00000990044311,990044311,http://permalink.obvsg.at/ISM/AC09154582;http://permalink.obvsg.at/ISM/AC09154582,Other;Other,172079;51003357
https://muscat.rism.info/admin/sources/00000990044381,990044381,http://permalink.obvsg.at/ISM/AC09154830;http://permalink.obvsg.at/ISM/AC09154830,Other;Other,172609;51003246
https://muscat.rism.info/admin/sources/00000990044525,990044525,http://permalink.obvsg.at/ISM/AC09154785;http://permalink.obvsg.at/ISM/AC09154785,Other;Other,173433;51003084
https://muscat.rism.info/admin/sources/00000990044955,990044955,http://permalink.obvsg.at/ISM/AC13456283;http://permalink.obvsg.at/ISM/AC13456283,Other;Other,175792;51003280
https://muscat.rism.info/admin/sources/00000990045082,990045082,http://permalink.obvsg.at/ISM/AC13410637;http://permalink.obvsg.at/ISM/AC13410637,Other;Other,176324;51003392
https://muscat.rism.info/admin/sources/00000990043138,990043138,http://permalink.obvsg.at/ISM/AC13674961;http://permalink.obvsg.at/ISM/AC13674961,Other;Other,51003081;51003082
https://muscat.rism.info/admin/sources/00000990044647,990044647,http://permalink.obvsg.at/ISM/AC13359013;http://permalink.obvsg.at/ISM/AC13359106,Other;Other,51003142;51003143
https://muscat.rism.info/admin/sources/00000990011433,990011433,http://permalink.obvsg.at/ISM/AC15022765;http://permalink.obvsg.at/ISM/AC15022806,Other;Other,51003273;51003274
https://muscat.rism.info/admin/sources/00000990042762,990042762,http://permalink.obvsg.at/ISM/AC09154585;http://permalink.obvsg.at/ISM/AC09154585,Other;Other,51003312;164654
https://muscat.rism.info/admin/sources/00000990042958,990042958,http://permalink.obvsg.at/ISM/AC13438753;http://permalink.obvsg.at/ISM/AC13438784,Other;Other,51003341;51003342
https://muscat.rism.info/admin/sources/00000990042913,990042913,http://permalink.obvsg.at/ISM/AC13439164;http://permalink.obvsg.at/ISM/AC13440102;http://permalink.obvsg.at/ISM/AC13441111,Other;Other;Other,165523;51003285;51003286
https://muscat.rism.info/admin/sources/00000990044860,990044860,http://permalink.obvsg.at/ISM/AC09198702;http://permalink.obvsg.at/ISM/AC09198702;http://permalink.obvsg.at/ISM/AC13455625,Other;Other;Other,175360;51003036;51003035
https://muscat.rism.info/admin/sources/00000990043346,990043346,http://permalink.obvsg.at/ISM/AC13711341;http://permalink.obvsg.at/ISM/AC13711341;http://permalink.obvsg.at/ISM/AC13711382;http://permalink.obvsg.at/ISM/AC09154996,Other;Other;Other;Other,51003190;51003191;51003192;167435
https://muscat.rism.info/admin/sources/00000990043463,990043463,https://resolver.obvsg.at/urn:nbn:at:at-moz:2-16829;http://permalink.obvsg.at/ISM/AC12408346,Digitized;Other,168302;168302
https://muscat.rism.info/admin/sources/00000990043465,990043465,https://resolver.obvsg.at/urn:nbn:at:at-moz:2-16837;http://permalink.obvsg.at/ISM/AC12408348,Digitized;Other,168305;168305
https://muscat.rism.info/admin/sources/00000990043466,990043466,https://resolver.obvsg.at/urn:nbn:at:at-moz:2-16856;http://permalink.obvsg.at/ISM/AC12408351,Digitized;Other,168308;168308
https://muscat.rism.info/admin/sources/00000990043467,990043467,https://resolver.obvsg.at/urn:nbn:at:at-moz:2-16842;http://permalink.obvsg.at/ISM/AC12408350,Digitized;Other,168311;168311
https://muscat.rism.info/admin/sources/00000990043468,990043468,https://resolver.obvsg.at/urn:nbn:at:at-moz:2-16868;http://permalink.obvsg.at/ISM/AC12408352,Digitized;Other,168315;168315
https://muscat.rism.info/admin/sources/00000990043469,990043469,https://resolver.obvsg.at/urn:nbn:at:at-moz:2-16875;http://permalink.obvsg.at/ISM/AC12408353,Digitized;Other,168317;168317
https://muscat.rism.info/admin/sources/00000990043470,990043470,https://resolver.obvsg.at/urn:nbn:at:at-moz:2-16888;http://permalink.obvsg.at/ISM/AC12408354,Digitized;Other,168319;168319
https://muscat.rism.info/admin/sources/00000990043472,990043472,https://resolver.obvsg.at/urn:nbn:at:at-moz:2-16906;http://permalink.obvsg.at/ISM/AC12408356,Digitized;Other,168322;168322
https://muscat.rism.info/admin/sources/00000990043473,990043473,https://resolver.obvsg.at/urn:nbn:at:at-moz:2-16910;http://permalink.obvsg.at/ISM/AC12408357,Digitized;Other,168323;168323
https://muscat.rism.info/admin/sources/00000990043475,990043475,https://resolver.obvsg.at/urn:nbn:at:at-moz:2-16959;http://permalink.obvsg.at/ISM/AC12409628,Digitized;Other,168326;168326
https://muscat.rism.info/admin/sources/00000990043476,990043476,https://resolver.obvsg.at/urn:nbn:at:at-moz:2-16937;http://permalink.obvsg.at/ISM/AC12408481,Digitized;Other,168327;168327
https://muscat.rism.info/admin/sources/00000990043478,990043478,https://resolver.obvsg.at/urn:nbn:at:at-moz:2-16924;http://permalink.obvsg.at/ISM/AC12408446,Digitized;Other,168329;168329
https://muscat.rism.info/admin/sources/00000990043479,990043479,https://resolver.obvsg.at/urn:nbn:at:at-moz:2-16940;http://permalink.obvsg.at/ISM/AC12408510,Digitized;Other,168332;168332
https://muscat.rism.info/admin/sources/00000990043861,990043861,https://resolver.obvsg.at/urn:nbn:at:at-moz:2-4158;http://permalink.obvsg.at/ISM/AC13026069,Digitized;Other,170058;170058
https://muscat.rism.info/admin/sources/00000990044207,990044207,http://digibib.mozarteum.at/urn:nbn:at:at-moz:2-65927;http://permalink.obvsg.at/ISM/AC09198658,Digitized;Other,171644;171644
https://muscat.rism.info/admin/sources/00000990044236,990044236,https://resolver.obvsg.at/urn:nbn:at:at-moz:2-65919;http://permalink.obvsg.at/ISM/AC12315155,Digitized;Other,171764;171764
https://muscat.rism.info/admin/sources/00000990044240,990044240,http://digibib.mozarteum.at/urn:nbn:at:at-moz:2-65955;http://permalink.obvsg.at/ISM/AC12316922,Digitized;Other,171782;171782
https://muscat.rism.info/admin/sources/00000990044783,990044783,https://resolver.obvsg.at/urn:nbn:at:at-moz:2-15942;http://permalink.obvsg.at/ISM/AC09154846,Digitized;Other,174979;174979
https://muscat.rism.info/admin/sources/00000990044880,990044880,https://resolver.obvsg.at/urn:nbn:at:at-moz:2-16234;http://permalink.obvsg.at/ISM/AC09198762,Digitized;Other,175475;175475
https://muscat.rism.info/admin/sources/00000990044995,990044995,https://resolver.obvsg.at/urn:nbn:at:at-moz:2-15883;http://permalink.obvsg.at/ISM/AC09154482,Digitized;Other,175978;175978
https://muscat.rism.info/admin/sources/00000990044998,990044998,https://resolver.obvsg.at/urn:nbn:at:at-moz:2-16225;http://permalink.obvsg.at/ISM/AC09198761,Digitized;Other,175990;175990
https://muscat.rism.info/admin/sources/00000990045095,990045095,https://resolver.obvsg.at/urn:nbn:at:at-moz:2-16547;http://permalink.obvsg.at/ISM/AC12398155,Digitized;Other,176373;176373
https://muscat.rism.info/admin/sources/00000990045341,990045341,https://resolver.obvsg.at/urn:nbn:at:at-moz:2-15919;http://permalink.obvsg.at/ISM/AC09154707,Digitized;Other,51002948;51002948
https://muscat.rism.info/admin/sources/00000990045571,990045571,https://resolver.obvsg.at/urn:nbn:at:at-moz:2-16536;http://permalink.obvsg.at/ISM/AC12398090,Digitized;Other,51003010;51003010
https://muscat.rism.info/admin/sources/00000990045105,990045105,https://resolver.obvsg.at/urn:nbn:at:at-moz:2-15905;http://permalink.obvsg.at/ISM/AC09154599,Digitized;Other,51003011;51003011
https://muscat.rism.info/admin/sources/00000990045510,990045510,https://resolver.obvsg.at/urn:nbn:at:at-moz:2-16555;http://permalink.obvsg.at/ISM/AC12398174,Digitized;Other,51003033;51003033
https://muscat.rism.info/admin/sources/00000990043432,990043432,https://resolver.obvsg.at/urn:nbn:at:at-moz:2-16108;http://permalink.obvsg.at/ISM/AC09154958,Digitized;Other,51003103;51003103
https://muscat.rism.info/admin/sources/00000990043430,990043430,https://resolver.obvsg.at/urn:nbn:at:at-moz:2-16185;http://permalink.obvsg.at/ISM/AC12223285,Digitized;Other,51003119;51003119
https://muscat.rism.info/admin/sources/00000990043421,990043421,https://resolver.obvsg.at/urn:nbn:at:at-moz:2-16060;http://permalink.obvsg.at/ISM/AC09154953,Digitized;Other,51003123;51003123
https://muscat.rism.info/admin/sources/00000990043414,990043414,https://resolver.obvsg.at/urn:nbn:at:at-moz:2-16027;http://permalink.obvsg.at/ISM/AC09154949,Digitized;Other,51003124;51003124
https://muscat.rism.info/admin/sources/00000990043416,990043416,https://resolver.obvsg.at/urn:nbn:at:at-moz:2-16033;http://permalink.obvsg.at/ISM/AC09154950,Digitized;Other,51003131;51003131
https://muscat.rism.info/admin/sources/00000990043402,990043402,https://resolver.obvsg.at/urn:nbn:at:at-moz:2-15970;http://permalink.obvsg.at/ISM/AC09154940,Digitized;Other,51003132;51003132
https://muscat.rism.info/admin/sources/00000990043423,990043423,https://resolver.obvsg.at/urn:nbn:at:at-moz:2-16166;http://permalink.obvsg.at/ISM/AC09313348,Digitized;Other,51003133;51003133
https://muscat.rism.info/admin/sources/00000990043428,990043428,https://resolver.obvsg.at/urn:nbn:at:at-moz:2-16099;http://permalink.obvsg.at/ISM/AC09154956,Digitized;Other,51003136;51003136
https://muscat.rism.info/admin/sources/00000990043404,990043404,https://resolver.obvsg.at/urn:nbn:at:at-moz:2-15986;http://permalink.obvsg.at/ISM/AC09154942,Digitized;Other,51003156;51003156
https://muscat.rism.info/admin/sources/00000990043440,990043440,https://resolver.obvsg.at/urn:nbn:at:at-moz:2-16144;http://permalink.obvsg.at/ISM/AC09154962,Digitized;Other,51003157;51003157
https://muscat.rism.info/admin/sources/00000990043444,990043444,https://resolver.obvsg.at/urn:nbn:at:at-moz:2-16157;http://permalink.obvsg.at/ISM/AC09154964,Digitized;Other,51003162;51003162
https://muscat.rism.info/admin/sources/00000990043442,990043442,https://resolver.obvsg.at/urn:nbn:at:at-moz:2-16178;http://permalink.obvsg.at/ISM/AC09313393,Digitized;Other,51003163;51003163
https://muscat.rism.info/admin/sources/00000990044961,990044961,https://resolver.obvsg.at/urn:nbn:at:at-moz:2-66354;http://permalink.obvsg.at/ISM/AC12264218,Digitized;Other,51003281;51003281
https://muscat.rism.info/admin/sources/00000990045406,990045406,https://resolver.obvsg.at/urn:nbn:at:at-moz:2-65894;http://permalink.obvsg.at/ISM/AC15023124,Digitized;Other,51003313;51003313
https://muscat.rism.info/admin/sources/00000990043075,990043075,https://resolver.obvsg.at/urn:nbn:at:at-moz:2-66293;http://permalink.obvsg.at/ISM/AC09154813,Digitized;Other,51003315;51003315
https://muscat.rism.info/admin/sources/00000990045835,990045835,https://resolver.obvsg.at/urn:nbn:at:at-moz:2-66083;http://permalink.obvsg.at/ISM/AC12652708,Digitized;Other,51003337;51003337
https://muscat.rism.info/admin/sources/00000990045836,990045836,https://resolver.obvsg.at/urn:nbn:at:at-moz:2-66083;https://permalink.obvsg.at/ISM/AC08576214,Digitized;Other,51003338;51003338
https://muscat.rism.info/admin/sources/00000990045829,990045829,http://permalink.obvsg.at/ISM/AC12651358;https://resolver.obvsg.at/urn:nbn:at:at-moz:2-63316,Other;Digitized,51003343;51003344
https://muscat.rism.info/admin/sources/00000990045840,990045840,https://resolver.obvsg.at/urn:nbn:at:at-moz:2-66636;http://permalink.obvsg.at/ISM/AC12655081,Digitized;Other,51003361;51003361
https://muscat.rism.info/admin/sources/00000990045846,990045846,https://resolver.obvsg.at/urn:nbn:at:at-moz:2-66665;http://permalink.obvsg.at/ISM/AC12656297,Digitized;Other,51003368;51003368
https://muscat.rism.info/admin/sources/00000990045848,990045848,https://resolver.obvsg.at/urn:nbn:at:at-moz:2-66569;http://permalink.obvsg.at/ISM/AC12656298,Digitized;Other,51003369;51003369
https://muscat.rism.info/admin/sources/00000990045843,990045843,https://resolver.obvsg.at/urn:nbn:at:at-moz:2-66479;http://permalink.obvsg.at/ISM/AC12655806,Digitized;Other,51003378;51003378
https://muscat.rism.info/admin/sources/00000990045844,990045844,https://resolver.obvsg.at/urn:nbn:at:at-moz:2-66387;http://permalink.obvsg.at/ISM/AC12656126,Digitized;Other,51003379;51003380
https://muscat.rism.info/admin/sources/00000990045838,990045838,https://resolver.obvsg.at/urn:nbn:at:at-moz:2-66222;http://permalink.obvsg.at/ISM/AC12655007,Digitized;Other,51003388;51003388
https://muscat.rism.info/admin/sources/00000990043408,990043408,https://resolver.obvsg.at/urn:nbn:at:at-moz:2-16006;http://permalink.obvsg.at/ISM/AC09154945;http://permalink.obvsg.at/ISM/AC12405775,Digitized;Other;Other,167859;167859;51003138
https://muscat.rism.info/admin/sources/00000990043410,990043410,http://permalink.obvsg.at/ISM/AC12405799;http://digibib.mozarteum.at/urn:nbn:at:at-moz:2-16014;http://permalink.obvsg.at/ISM/AC09154947,Other;Digitized;Other,167878;51003130;51003130
https://muscat.rism.info/admin/sources/00000990043417,990043417,http://permalink.obvsg.at/ISM/AC09154951;https://resolver.obvsg.at/urn:nbn:at:at-moz:2-16045;http://permalink.obvsg.at/ISM/AC09154951,Other;Digitized;Other,167954;51003125;51003125
https://muscat.rism.info/admin/sources/00000990043436,990043436,http://permalink.obvsg.at/ISM/AC09154960;https://resolver.obvsg.at/urn:nbn:at:at-moz:2-16121;http://permalink.obvsg.at/ISM/AC09154960,Other;Digitized;Other,168160;51003164;51003164
https://muscat.rism.info/admin/sources/00000990044082,990044082,http://permalink.obvsg.at/ISM/AC09154834;https://resolver.obvsg.at/urn:nbn:at:at-moz:2-67201;https://digibib.mozarteum.at/i3f/v20/4357249/manifest,Other;Digitized;IIIF manifest (digitized source),171052;171052;171052
https://muscat.rism.info/admin/sources/00000990045311,990045311,http://permalink.obvsg.at/ISM/AC15126778;https://resolver.obvsg.at/urn:nbn:at:at-moz:2-16302;http://permalink.obvsg.at/ISM/AC09310304,Other;Digitized;Other,177154;51002946;51002946
https://muscat.rism.info/admin/sources/00000990045707,990045707,http://permalink.obvsg.at/ISM/AC09198672;https://resolver.obvsg.at/urn:nbn:at:at-moz:2-16216;http://permalink.obvsg.at/ISM/AC09198672,Other;Digitized;Other,178687;51003118;51003118
https://muscat.rism.info/admin/sources/00000990043427,990043427,https://resolver.obvsg.at/urn:nbn:at:at-moz:2-16081;http://permalink.obvsg.at/ISM/AC09154955;http://permalink.obvsg.at/ISM/AC12405760,Digitized;Other;Other,51003115;51003115;168055
https://muscat.rism.info/admin/sources/00000990043434,990043434,https://resolver.obvsg.at/urn:nbn:at:at-moz:2-16115;http://permalink.obvsg.at/ISM/AC09154959;http://permalink.obvsg.at/ISM/AC12405828,Digitized;Other;Other,51003128;51003128;51003127
https://muscat.rism.info/admin/sources/00000990042734,990042734,http://permalink.obvsg.at/ISM/AC11650721;https://resolver.obvsg.at/urn:nbn:at:at-moz:2-18722;http://permalink.obvsg.at/ISM/AC11660189,Other;Digitized;Other,51003145;51003146;51003146
https://muscat.rism.info/admin/sources/00000990042742,990042742,https://resolver.obvsg.at/urn:nbn:at:at-moz:2-66024;http://permalink.obvsg.at/ISM/AC09155033;http://permalink.obvsg.at/ISM/AC09155033,Digitized;Other;Other,51003148;51003148;51003147
https://muscat.rism.info/admin/sources/00000990043406,990043406,http://permalink.obvsg.at/ISM/AC09154943;https://resolver.obvsg.at/urn:nbn:at:at-moz:2-15992;http://permalink.obvsg.at/ISM/AC09154943,Other;Digitized;Other,51003159;51003160;51003160
https://muscat.rism.info/admin/sources/00000990043425,990043425,https://resolver.obvsg.at/urn:nbn:at:at-moz:2-16073;http://permalink.obvsg.at/ISM/AC09154954;http://permalink.obvsg.at/ISM/AC09154954,Digitized;Other;Other,51003161;51003161;168034
https://muscat.rism.info/admin/sources/00000990042651,990042651,https://permalink.obvsg.at/ISM/AC14486207;https://resolver.obvsg.at/urn:nbn:at:at-moz:2-67254;https://digibib.mozarteum.at/i3f/v20/4405462/manifest,Other;Digitized;IIIF manifest (digitized source),51006996;51006996;51006996
https://muscat.rism.info/admin/sources/00000990045584,990045584,http://permalink.obvsg.at/ISM/AC09154693;http://permalink.obvsg.at/ISM/AC13384319;https://resolver.obvsg.at/urn:nbn:at:at-moz:2-16527;http://permalink.obvsg.at/ISM/AC12397868,Other;Other;Digitized;Other,178214;51003008;51003009;51003009
https://muscat.rism.info/admin/sources/00000990045842,990045842,https://resolver.obvsg.at/urn:nbn:at:at-moz:2-66463;http://permalink.obvsg.at/ISM/AC12655104;http://permalink.obvsg.at/ISM/AC12655643;https://resolver.obvsg.at/urn:nbn:at:at-moz:2-5933,Digitized;Other;Other;Digitized,179417;51003372;51003373;51003374
https://muscat.rism.info/admin/sources/00000990043376,990043376,http://permalink.obvsg.at/ISM/AC12404979;https://resolver.obvsg.at/urn:nbn:at:at-moz:2-15969;http://permalink.obvsg.at/ISM/AC09154939;http://permalink.obvsg.at/ISM/AC09154939;http://permalink.obvsg.at/ISM/AC12405720,Other;Digitized;Other;Other;Other,167725;51003167;51003167;51003166;51003165
https://muscat.rism.info/admin/sources/00000990045623,990045623,http://permalink.obvsg.at/ISM/AC09116868;https://resolver.obvsg.at/urn:nbn:at:at-moz:2-15844;http://permalink.obvsg.at/ISM/AC09116868;https://resolver.obvsg.at/urn:nbn:at:at-moz:2-66326;http://permalink.obvsg.at/ISM/AC12265759,Other;Digitized;Other;Digitized;Other,178368;51003139;51003139;51003140;51003140
https://muscat.rism.info/admin/sources/00000990045839,990045839,https://resolver.obvsg.at/urn:nbn:at:at-moz:2-66395;http://permalink.obvsg.at/ISM/AC12655061;http://permalink.obvsg.at/ISM/AC12655061;https://resolver.obvsg.at/urn:nbn:at:at-moz:2-66374;http://permalink.obvsg.at/ISM/AC12655080,Digitized;Other;Other;Digitized;Other,51003358;51003358;51003359;51003360;51003360
https://muscat.rism.info/admin/sources/00000990043265,990043265,https://resolver.obvsg.at/urn:nbn:at:at-moz:2-66404;http://permalink.obvsg.at/ISM/AC13702965;https://resolver.obvsg.at/urn:nbn:at:at-moz:2-66435;http://permalink.obvsg.at/ISM/AC13702983;https://resolver.obvsg.at/urn:nbn:at:at-moz:2-66420;http://permalink.obvsg.at/ISM/AC13702929,Digitized;Other;Digitized;Other;Digitized;Other,51003251;51003251;51003252;51003252;167035;167035
https://muscat.rism.info/admin/sources/00000990045833,990045833,https://resolver.obvsg.at/urn:nbn:at:at-moz:2-66069;http://permalink.obvsg.at/ISM/AC01699193;http://permalink.obvsg.at/ISM/AC12653205;https://resolver.obvsg.at/urn:nbn:at:at-moz:2-66078;http://permalink.obvsg.at/ISM/AC12653370;https://resolver.obvsg.at/urn:nbn:at:at-moz:2-66108,Digitized;Other;Other;Digitized;Other;Digitized,51003319;51003319;51003320;51003322;51003322;51003323
https://muscat.rism.info/admin/sources/00000990045837,990045837,https://resolver.obvsg.at/urn:nbn:at:at-moz:2-66165;http://permalink.obvsg.at/ISM/AC12654807;https://resolver.obvsg.at/urn:nbn:at:at-moz:2-66150;http://permalink.obvsg.at/ISM/AC12653848;https://resolver.obvsg.at/urn:nbn:at:at-moz:2-66216;http://permalink.obvsg.at/ISM/AC12654930,Digitized;Other;Digitized;Other;Digitized;Other,51003386;51003384;51003383;51003381;51003387;51003387