600100115,Mus%Hs%18209,https://data.onb.ac.at/dtl/2588804,https
600100136,Mus%Hs%17714,https://data.onb.ac.at/dtl/2226669,https
600100090,Mus%Hs%16961,https://data.onb.ac.at/dtl/9389792,https
600100222,Mus%Hs%17980,https://data.onb.ac.at/dtl/2324003,https
600100176,Mus%Hs%17981,https://data.onb.ac.at/dtl/2324658,https
600100251,Mus%Hs%17527,https://data.onb.ac.at/dtl/2803190,https
600100280,Mus%Hs%17132,https://data.onb.ac.at/dtl/8923228,https
600100269,Mus%Hs%16692,https://data.onb.ac.at/dtl/2806021,https
600100271,Mus%Hs%17741,https://data.onb.ac.at/dtl/5770257,https
600100318,Mus%Hs%18145,https://data.onb.ac.at/dtl/2432684,https
600100319,Mus%Hs%17952,https://data.onb.ac.at/dtl/5774969,https
600500098,Mus%Hs%18317,https://data.onb.ac.at/dtl/2558372,https
600100394,Mus%Hs%17399,https://data.onb.ac.at/dtl/2928193,https
600100390,Mus%Hs%17369,https://data.onb.ac.at/dtl/2928342,https
600100386,Mus%Hs%18146,https://data.onb.ac.at/dtl/2979280,https
600100396,Mus%Hs%17101,https://data.onb.ac.at/dtl/2967298,https
600100402,Mus%Hs%17102/1,https://data.onb.ac.at/dtl/2967825,https
600100402,Mus%Hs%17102/2,https://data.onb.ac.at/dtl/2967902,https
600100402,Mus%Hs%17102/3,https://data.onb.ac.at/dtl/2968032,https
600100402,Mus%Hs%17102/4,https://data.onb.ac.at/dtl/2967979,https
600100381,Mus%Hs%18211,https://data.onb.ac.at/dtl/2968234,https
600100382,Mus%Hs%17645,https://data.onb.ac.at/dtl/4820739,https
600100423,Mus%Hs%17050/1,https://data.onb.ac.at/dtl/2996537,https
600100423,Mus%Hs%17050/2,https://data.onb.ac.at/dtl/2996194,https
600100426,Mus%Hs%17105,https://data.onb.ac.at/dtl/2997367,https
600100420,Mus%Hs%18202,https://data.onb.ac.at/dtl/2996880,https
600100436,Mus%Hs%18281,https://data.onb.ac.at/dtl/2997982,https
600100517,Mus%Hs%17945/1,https://data.onb.ac.at/dtl/3092779,https
600100517,Mus%Hs%17945/2,https://data.onb.ac.at/dtl/3092457,https
600100517,Mus%Hs%17945/3,https://data.onb.ac.at/dtl/3092026,https
600100523,Mus%Hs%18238,https://data.onb.ac.at/dtl/3097030,https
600100496,Mus%Hs%18239/1,https://data.onb.ac.at/dtl/3096961,https
600100496,Mus%Hs%18239/2,https://data.onb.ac.at/dtl/3096892,https
600100496,Mus%Hs%18239/3,https://data.onb.ac.at/dtl/3096847,https
600100496,Mus%Hs%18239/4,https://data.onb.ac.at/dtl/3097589,https
600100468,Mus%Hs%17591,https://data.onb.ac.at/dtl/3133790,https
600100732,Mus%Hs%16756,https://data.onb.ac.at/dtl/3580168,https
600100885,Mus%Hs%18143,https://data.onb.ac.at/dtl/3313651,https
600100976,Mus%Hs%17182/1,https://data.onb.ac.at/dtl/3337459,https
600100976,Mus%Hs%17182/2,https://data.onb.ac.at/dtl/3352528,https
600100976,Mus%Hs%17182/3,https://data.onb.ac.at/dtl/3340461,https
600100961,Mus%Hs%17184/1,https://data.onb.ac.at/dtl/3348483,https
600100961,Mus%Hs%17184/2,https://data.onb.ac.at/dtl/3344590,https
600100961,Mus%Hs%17184/3,https://data.onb.ac.at/dtl/3341726,https
600100988,Mus%Hs%17183/1,https://data.onb.ac.at/dtl/3353086,https
600100988,Mus%Hs%17183/2,https://data.onb.ac.at/dtl/3346627,https
600100988,Mus%Hs%17183/3,https://data.onb.ac.at/dtl/3347554,https
600100988,Mus%Hs%17183/4,https://data.onb.ac.at/dtl/3351509,https
600100981,Mus%Hs%18220/1,https://data.onb.ac.at/dtl/3351017,https
600100981,Mus%Hs%18220/2,https://data.onb.ac.at/dtl/3345722,https
600100981,Mus%Hs%18220/3,https://data.onb.ac.at/dtl/3376332,https
600100985,Mus%Hs%18227/1,https://data.onb.ac.at/dtl/3348829,https
600100985,Mus%Hs%18227/2,https://data.onb.ac.at/dtl/3346754,https
600100985,Mus%Hs%18227/3,https://data.onb.ac.at/dtl/3342073,https
600100985,Mus%Hs%18227/4,https://data.onb.ac.at/dtl/3341530,https
600100972,Mus%Hs%18253/1,https://data.onb.ac.at/dtl/3342408,https
600100972,Mus%Hs%18253/2,https://data.onb.ac.at/dtl/3339089,https
600100972,Mus%Hs%18253/3,https://data.onb.ac.at/dtl/3338296,https
600100968,Mus%Hs%18255/1,https://data.onb.ac.at/dtl/3353221,https
600100968,Mus%Hs%18255/2,https://data.onb.ac.at/dtl/3347131,https
600100968,Mus%Hs%18255/3,https://data.onb.ac.at/dtl/3343578,https
600101160,Mus%Hs%17654,https://data.onb.ac.at/dtl/3425581,https
600101430,Mus%Hs%17069,https://data.onb.ac.at/dtl/3655472,https
600101982,Mus%Hs%17738,https://data.onb.ac.at/dtl/4098803,https
600101978,Mus%Hs%17730,https://data.onb.ac.at/dtl/9369291,https
600102529,Mus%Hs%17513,https://data.onb.ac.at/rep/1320009E,new_tag
600104133,Mus%Hs%17100,https://data.onb.ac.at/dtl/5806175,https
600104139,Mus%Hs%17606,https://data.onb.ac.at/dtl/9223788,https
600104130,Mus%Hs%17594,https://data.onb.ac.at/dtl/4510307,https
600104120,Mus%Hs%17595,https://data.onb.ac.at/dtl/4571311,https
600104963,Mus%Hs%17701,https://data.onb.ac.at/dtl/9368313,https
600105076,Mus%Hs%17081,https://data.onb.ac.at/rep/131F434A,new_tag
600105073,Mus%Hs%17056,https://data.onb.ac.at/rep/131F3213,new_tag
600105027,Mus%Hs%17673,https://data.onb.ac.at/dtl/9641403,new_tag
600105118,Mus%Hs%17725,https://data.onb.ac.at/dtl/6141348,https
600105079,Mus%Hs%17065,https://data.onb.ac.at/rep/131FC502,new_tag
600105031,Mus%Hs%17675,https://data.onb.ac.at/dtl/6141539,https
600105104,Mus%Hs%17625,https://data.onb.ac.at/dtl/9213218,https
600105034,Mus%Hs%17084,https://data.onb.ac.at/dtl/4968031,https
600105837,Mus%Hs%16641,https://data.onb.ac.at/rep/131E623B,new_tag
600105880,Mus%Hs%16642,https://data.onb.ac.at/rep/131E6238,new_tag
600105845,Mus%Hs%16685,https://data.onb.ac.at/dtl/6784042,https
600105892,Mus%Hs%17655,https://data.onb.ac.at/dtl/9266577,https
0,Mus%Hs%17085/1,https://data.onb.ac.at/rep/131F74DA,probably_new_tag
0,Mus%Hs%17085/2,https://data.onb.ac.at/rep/131F74C5,probably_new_tag
0,Mus%Hs%18294/1,https://data.onb.ac.at/rep/131BADB9,probably_new_tag
0,Mus%Hs%18294/2,https://data.onb.ac.at/rep/131BADB8,probably_new_tag
600105846,Mus%Hs%18294/3,https://data.onb.ac.at/rep/131BADB7,new_tag
600106849,Mus%Hs%18304,https://data.onb.ac.at/rep/131BADCA,new_tag
600106928,Mus%Hs%17623,https://data.onb.ac.at/dtl/9263825,https
600106895,Mus%Hs%17054,https://data.onb.ac.at/dtl/9674654,new_tag
600106889,Mus%Hs%18276,https://data.onb.ac.at/rep/131B3062,new_tag
600106874,Mus%Hs%18295,https://data.onb.ac.at/rep/131BADCC,new_tag
600106925,Mus%Hs%18292,https://data.onb.ac.at/rep/131B3063,new_tag
600106909,Mus%Hs%17584,https://data.onb.ac.at/dtl/9131476,https
600106919,Mus%Hs%17599,https://data.onb.ac.at/dtl/6836437,https
600106902,Mus%Hs%18259,https://data.onb.ac.at/rep/131B3065,new_tag
600106872,Mus%Hs%17578,https://data.onb.ac.at/dtl/9131714,https
600106880,Mus%Hs%18306,https://data.onb.ac.at/rep/131BADC7,new_tag
600106867,Mus%Hs%18290,https://data.onb.ac.at/rep/131B3061,new_tag
600106854,Mus%Hs%17583,https://data.onb.ac.at/dtl/9181384,https
600106847,Mus%Hs%17060,https://data.onb.ac.at/rep/131F4F08,new_tag
600106926,Mus%Hs%18279,https://data.onb.ac.at/dtl/9063837,https
600106910,Mus%Hs%18289,https://data.onb.ac.at/rep/131F82EE,new_tag
0,Mus%Hs%18297/1,https://data.onb.ac.at/rep/131BADC9,probably_new_tag
0,Mus%Hs%18297/2,https://data.onb.ac.at/rep/131BADC6,probably_new_tag
0,Mus%Hs%18297/3,https://data.onb.ac.at/rep/131BADC5,probably_new_tag
0,Mus%Hs%18297/4,https://data.onb.ac.at/rep/131BADC4,probably_new_tag
0,Mus%Hs%18297/5,https://data.onb.ac.at/rep/131BADC3,probably_new_tag
600106914,Mus%Hs%17062,https://data.onb.ac.at/rep/131F7665,new_tag
600107047,Mus%Hs%17576,https://data.onb.ac.at/dtl/9262681,https
0,Mus%Hs%18264/1,https://data.onb.ac.at/rep/131ACFF7,probably_new_tag
0,Mus%Hs%18264/2,https://data.onb.ac.at/rep/131ACFF6,probably_new_tag
0,Mus%Hs%18264/3,https://data.onb.ac.at/rep/131ACFF5,probably_new_tag
600106988,Mus%Hs%18275,https://data.onb.ac.at/rep/131AD009,new_tag
600107094,Mus%Hs%17073,https://data.onb.ac.at/rep/131F766A,new_tag
600107036,Mus%Hs%17637,https://data.onb.ac.at/dtl/9210738,https
600107765,Mus%Hs%17109/1,https://data.onb.ac.at/dtl/6837505,https
600107765,Mus%Hs%17109/2,https://data.onb.ac.at/dtl/7586609,https
600107765,Mus%Hs%17109/3,https://data.onb.ac.at/dtl/7584407,https
600107774,Mus%Hs%17597,https://data.onb.ac.at/dtl/6582600,https
600107821,Mus%Hs%18232/1,https://data.onb.ac.at/rep/131B1011,new_tag
0,Mus%Hs%18232/2,https://data.onb.ac.at/rep/131B1010,probably_new_tag
0,Mus%Hs%18232/3,https://data.onb.ac.at/rep/131B100F,probably_new_tag
600107808,Mus%Hs%17151/1,https://data.onb.ac.at/dtl/8565744,https
600107808,Mus%Hs%17151/2,https://data.onb.ac.at/dtl/8565322,https
600107808,Mus%Hs%17151/3,https://data.onb.ac.at/dtl/8564868,https
600107817,Mus%Hs%17107/1,https://data.onb.ac.at/dtl/8465942,https
600107817,Mus%Hs%17107/2,https://data.onb.ac.at/dtl/8459858,https
600107817,Mus%Hs%17107/3,https://data.onb.ac.at/dtl/8462450,https
600107803,Mus%Hs%17168/1,https://data.onb.ac.at/dtl/8543356,https
600107803,Mus%Hs%17168/2,https://data.onb.ac.at/dtl/8542966,https
600107803,Mus%Hs%17168/3,https://data.onb.ac.at/dtl/8542536,https
600107793,Mus%Hs%17626,https://data.onb.ac.at/dtl/5702418,https
600107786,Mus%Hs%18097/1,https://data.onb.ac.at/rep/131AD44F,new_tag
0,Mus%Hs%18097/2,https://data.onb.ac.at/rep/131AD44E,probably_new_tag
0,Mus%Hs%18097/3,https://data.onb.ac.at/rep/131B0E79,probably_new_tag
600107757,Mus%Hs%17111/1,https://data.onb.ac.at/dtl/8459512,https
600107757,Mus%Hs%17111/2,https://data.onb.ac.at/dtl/8478693,https
600107757,Mus%Hs%17111/3,https://data.onb.ac.at/dtl/8477937,https
600107757,Mus%Hs%17111/4,https://data.onb.ac.at/dtl/8478287,https
600107757,Mus%Hs%17111/5,https://data.onb.ac.at/dtl/8476115,https
0,Mus%Hs%18230/1,https://data.onb.ac.at/rep/131BADE3,probably_new_tag
0,Mus%Hs%18230/2,https://data.onb.ac.at/rep/131BADE2,probably_new_tag
0,Mus%Hs%18230/3,https://data.onb.ac.at/rep/131BADE1,probably_new_tag
0,Mus%Hs%18230/4,https://data.onb.ac.at/rep/131BADE0,probably_new_tag
0,Mus%Hs%18230/5,https://data.onb.ac.at/rep/131BADDF,probably_new_tag
600107836,Mus%Hs%17134,https://data.onb.ac.at/rep/131FBECA,new_tag
600107823,Mus%Hs%17106,https://data.onb.ac.at/rep/131FC3F2,new_tag
600107813,Mus%Hs%17118,https://data.onb.ac.at/rep/131AA977,new_tag
600107800,Mus%Hs%17148/1,https://data.onb.ac.at/dtl/8575062,https
600107800,Mus%Hs%17148/2,https://data.onb.ac.at/dtl/8574544,https
600107800,Mus%Hs%17148/3,https://data.onb.ac.at/dtl/8574074,https
600107790,Mus%Hs%18142,https://data.onb.ac.at/rep/131A92E3,new_tag
600107785,Mus%Hs%17071,https://data.onb.ac.at/rep/131F4F11,new_tag
600107770,Mus%Hs%17103,https://data.onb.ac.at/rep/131F8CDD,new_tag
600107833,Mus%Hs%17127,https://data.onb.ac.at/rep/131F8CDB,new_tag
600107806,Mus%Hs%17125,https://data.onb.ac.at/dtl/4734653,https
600107815,Mus%Hs%17646,https://data.onb.ac.at/dtl/4828255,https
600107801,Mus%Hs%17114,https://data.onb.ac.at/dtl/7096205,https
600107791,Mus%Hs%17614,https://data.onb.ac.at/dtl/5023664,https
600107782,Mus%Hs%17136/1,https://data.onb.ac.at/dtl/8481259,https
600107782,Mus%Hs%17136/2,https://data.onb.ac.at/dtl/8480479,https
600107782,Mus%Hs%17136/3,https://data.onb.ac.at/dtl/8480861,https
600107775,Mus%Hs%17129,https://data.onb.ac.at/rep/131F9332,new_tag
600107762,Mus%Hs%17153,https://data.onb.ac.at/rep/131BADC1,new_tag
600107820,Mus%Hs%17700,https://data.onb.ac.at/dtl/4718568,https
600107827,Mus%Hs%17093,https://data.onb.ac.at/dtl/6501477,new_tag
600107812,Mus%Hs%17142/1,https://data.onb.ac.at/dtl/8477527,https
600107812,Mus%Hs%17142/2,https://data.onb.ac.at/dtl/8535300,https
600107812,Mus%Hs%17142/3,https://data.onb.ac.at/dtl/6383813,https
600107812,Mus%Hs%17142/4,https://data.onb.ac.at/dtl/8534998,https
600107812,Mus%Hs%17142/5,https://data.onb.ac.at/dtl/8534652,https
600107798,Mus%Hs%17143/1,https://data.onb.ac.at/dtl/8461970,https
600107798,Mus%Hs%17143/2,https://data.onb.ac.at/dtl/8460720,https
600107798,Mus%Hs%17143/3,https://data.onb.ac.at/dtl/8461506,https
600107798,Mus%Hs%17143/4,https://data.onb.ac.at/dtl/8461596,https
600107789,Mus%Hs%17120,https://data.onb.ac.at/rep/131FC507,new_tag
600107768,Mus%Hs%18203,https://data.onb.ac.at/rep/131BADCE,new_tag
0,Mus%Hs%18257/1,https://data.onb.ac.at/rep/131E0293,probably_new_tag
0,Mus%Hs%18257/2,https://data.onb.ac.at/rep/131C70D7,probably_new_tag
0,Mus%Hs%18257/3,https://data.onb.ac.at/rep/131BADC0,probably_new_tag
600107830,Mus%Hs%17723,https://data.onb.ac.at/dtl/9266027,https
600107837,Mus%Hs%17164/1,https://data.onb.ac.at/dtl/8667610,https
600107837,Mus%Hs%17164/2,https://data.onb.ac.at/dtl/8667124,https
600107837,Mus%Hs%17164/3,https://data.onb.ac.at/dtl/8666686,https
600107824,Mus%Hs%17140/1,https://data.onb.ac.at/dtl/8477137,https
600107824,Mus%Hs%17140/2,https://data.onb.ac.at/dtl/8476711,https
600107824,Mus%Hs%17140/3,https://data.onb.ac.at/dtl/8475597,https
600107811,Mus%Hs%17131,https://data.onb.ac.at/rep/131FC501,new_tag
600107796,Mus%Hs%17144/1,https://data.onb.ac.at/dtl/7536078,https
600107796,Mus%Hs%17144/2,https://data.onb.ac.at/dtl/7541929,https
600107796,Mus%Hs%17144/3,https://data.onb.ac.at/dtl/7535585,https
600107779,Mus%Hs%17122,https://data.onb.ac.at/dtl/4733806,https
600107764,Mus%Hs%17116,https://data.onb.ac.at/rep/131AA4FE,new_tag
600107773,Mus%Hs%17104,https://data.onb.ac.at/rep/131FC3F3,new_tag
600107760,Mus%Hs%18140,https://data.onb.ac.at/rep/13204810,new_tag
600107831,Mus%Hs%17108/1,https://data.onb.ac.at/dtl/8460426,https
600107831,Mus%Hs%17108/2,https://data.onb.ac.at/dtl/8459228,https
600107831,Mus%Hs%17108/3,https://data.onb.ac.at/dtl/8466268,https
600107809,Mus%Hs%17089,https://data.onb.ac.at/dtl/6039957,https
600107816,Mus%Hs%17166,https://data.onb.ac.at/rep/131B3066,new_tag
0,Mus%Hs%18093/1,https://data.onb.ac.at/rep/131AA4FF,probably_new_tag
600107802,Mus%Hs%18093/2,https://data.onb.ac.at/rep/131AA93C,new_tag
0,Mus%Hs%18093/3,https://data.onb.ac.at/rep/131AA93B,probably_new_tag
600107778,Mus%Hs%18144,https://data.onb.ac.at/rep/131AA978,new_tag
600107772,Mus%Hs%18228/1,https://data.onb.ac.at/dtl/5396976,https
600107772,Mus%Hs%18228/2,https://data.onb.ac.at/dtl/5396689,https
600107772,Mus%Hs%18228/3,https://data.onb.ac.at/dtl/5406723,https
600107772,Mus%Hs%18228/4,https://data.onb.ac.at/dtl/5397857,https
600107772,Mus%Hs%18228/5,https://data.onb.ac.at/dtl/5397546,https
600107758,Mus%Hs%18095/1,https://data.onb.ac.at/dtl/6454728,https
600107758,Mus%Hs%18095/2,https://data.onb.ac.at/dtl/6453068,https
600107758,Mus%Hs%18095/3,https://data.onb.ac.at/dtl/6453463,https
0,Mus%Hs%18240/1,https://data.onb.ac.at/rep/131AD444,probably_new_tag
0,Mus%Hs%18240/2,https://data.onb.ac.at/rep/131AD445,probably_new_tag
0,Mus%Hs%18240/3,https://data.onb.ac.at/rep/131AD446,probably_new_tag
600107835,Mus%Hs%17573,https://data.onb.ac.at/dtl/9104062,https
600107822,Mus%Hs%17681,https://data.onb.ac.at/dtl/9266463,https
600107810,Mus%Hs%17644,https://data.onb.ac.at/dtl/5702236,https
600108069,Mus%Hs%17649,https://data.onb.ac.at/dtl/9368957,https
600108079,Mus%Hs%17693/1,https://data.onb.ac.at/dtl/7915339,https
600108079,Mus%Hs%17693/2,https://data.onb.ac.at/dtl/7915602,https
600108457,Mus%Hs%17564,https://data.onb.ac.at/dtl/9274952,https
600108508,Mus%Hs%17661/1-10,https://data.onb.ac.at/dtl/5280003,https
0,Mus%Hs%17868/1,https://data.onb.ac.at/dtl/9631684,probably_new_tag
600108590,Mus%Hs%17868/2,https://data.onb.ac.at/dtl/9641959,new_tag
0,Mus%Hs%17868/3,https://data.onb.ac.at/dtl/9633378,probably_new_tag
600108699,Mus%Hs%18138,https://data.onb.ac.at/rep/131E95D4,new_tag
600108667,Mus%Hs%18153,https://data.onb.ac.at/rep/13204809,new_tag
600108731,Mus%Hs%18167,https://data.onb.ac.at/rep/13207EF2,new_tag
600108737,Mus%Hs%17651,https://data.onb.ac.at/dtl/9266345,https
600108726,Mus%Hs%17582,https://data.onb.ac.at/dtl/9103112,https
600108714,Mus%Hs%17590,https://data.onb.ac.at/dtl/9131924,https
600108701,Mus%Hs%17589,https://data.onb.ac.at/dtl/9132240,https
600108709,Mus%Hs%17242/1,https://data.onb.ac.at/dtl/9102566,https
600108709,Mus%Hs%17242/2,https://data.onb.ac.at/dtl/9105372,https
600108709,Mus%Hs%17242/3,https://data.onb.ac.at/dtl/9104882,https
600108698,Mus%Hs%17192/1,https://data.onb.ac.at/dtl/4745211,https
600108698,Mus%Hs%17192/2,https://data.onb.ac.at/dtl/4745674,https
600108698,Mus%Hs%17192/3,https://data.onb.ac.at/dtl/4746177,https
600108687,Mus%Hs%17619,https://data.onb.ac.at/dtl/9265369,https
0,Mus%Hs%17207/1,https://data.onb.ac.at/rep/131B100C,probably_new_tag
600108674,Mus%Hs%17207/2,https://data.onb.ac.at/rep/131B100B,new_tag
0,Mus%Hs%17207/3,https://data.onb.ac.at/rep/131B100A,probably_new_tag
0,Mus%Hs%17207/4,https://data.onb.ac.at/rep/131B100D,probably_new_tag
0,Mus%Hs%17207/5,https://data.onb.ac.at/rep/131B100E,probably_new_tag
600108724,Mus%Hs%18137,https://data.onb.ac.at/rep/131ACFF8,new_tag
600108711,Mus%Hs%17110/1,https://data.onb.ac.at/dtl/8469677,https
600108711,Mus%Hs%17110/2,https://data.onb.ac.at/dtl/8472537,https
600108711,Mus%Hs%17110/3,https://data.onb.ac.at/dtl/8470273,https
600108719,Mus%Hs%17226/1,https://data.onb.ac.at/dtl/8795276,https
600108719,Mus%Hs%17226/2,https://data.onb.ac.at/dtl/8794782,https
600108719,Mus%Hs%17226/3,https://data.onb.ac.at/dtl/8794464,https
600108706,Mus%Hs%17047/1,https://data.onb.ac.at/dtl/8469311,https
600108706,Mus%Hs%17047/2,https://data.onb.ac.at/dtl/8471359,https
600108706,Mus%Hs%17047/3,https://data.onb.ac.at/dtl/8470999,https
600108739,Mus%Hs%18180,https://data.onb.ac.at/rep/131E95D2,new_tag
600108715,Mus%Hs%17636,https://data.onb.ac.at/dtl/9370781,https
600108704,Mus%Hs%17618,https://data.onb.ac.at/dtl/9211732,https
600108692,Mus%Hs%17620,https://data.onb.ac.at/dtl/9212972,https
600110027,Mus%Hs%17549,https://data.onb.ac.at/dtl/9180888,https
600111650,Mus%Hs%17260/1,https://data.onb.ac.at/dtl/4754549,https
600111650,Mus%Hs%17260/2,https://data.onb.ac.at/dtl/4754827,https
600111650,Mus%Hs%17260/3,https://data.onb.ac.at/dtl/4754634,https
600111650,Mus%Hs%17260/4,https://data.onb.ac.at/dtl/4754695,https
600111650,Mus%Hs%17260/5,https://data.onb.ac.at/dtl/4754756,https
600111653,Mus%Hs%17234,https://data.onb.ac.at/dtl/8328623,https
600112785,Mus%Hs%16999,https://data.onb.ac.at/rep/131AADAF,new_tag
600112720,Mus%Hs%16998,https://data.onb.ac.at/rep/131EF731,new_tag
600112826,Mus%Hs%16996,https://data.onb.ac.at/dtl/5900174,https
600112817,Mus%Hs%16995,https://data.onb.ac.at/rep/131F433E,new_tag
600112737,Mus%Hs%16997,https://data.onb.ac.at/rep/131FBE9A,new_tag
600112849,Mus%Hs%17000,https://data.onb.ac.at/rep/131F320F,new_tag
600112779,Mus%Hs%17001,https://data.onb.ac.at/dtl/7163309,https
600112803,Mus%Hs%17335,https://data.onb.ac.at/rep/131F9124,new_tag
600112727,Mus%Hs%17336,https://data.onb.ac.at/dtl/6637733,https
600112746,Mus%Hs%17337,https://data.onb.ac.at/dtl/6635412,https
600112834,Mus%Hs%17353,https://data.onb.ac.at/rep/131F80CA,new_tag
600112885,Mus%Hs%17350,https://data.onb.ac.at/rep/131FC4FF,new_tag
600112858,Mus%Hs%17358,https://data.onb.ac.at/rep/131F932D,new_tag
600112867,Mus%Hs%17347,https://data.onb.ac.at/rep/131FE3E1,new_tag
600112862,Mus%Hs%17345,https://data.onb.ac.at/rep/131F9125,new_tag
600112793,Mus%Hs%17344,https://data.onb.ac.at/rep/131F8CD6,new_tag
600112841,Mus%Hs%17346,https://data.onb.ac.at/rep/131FC4F9,new_tag
600112915,Mus%Hs%17351,https://data.onb.ac.at/rep/131F932E,new_tag
600112894,Mus%Hs%17339,https://data.onb.ac.at/rep/131F9123,new_tag
600112854,Mus%Hs%17340,https://data.onb.ac.at/rep/131F7660,new_tag
600112837,Mus%Hs%17355,https://data.onb.ac.at/rep/131FC4FD,new_tag
600112829,Mus%Hs%17352,https://data.onb.ac.at/rep/131F932B,new_tag
600112889,Mus%Hs%16972,https://data.onb.ac.at/rep/131F3208,new_tag
600112852,Mus%Hs%17348,https://data.onb.ac.at/rep/131FC4FE,new_tag
600112871,Mus%Hs%17349,https://data.onb.ac.at/dtl/5903079,https
600112820,Mus%Hs%16965,https://data.onb.ac.at/rep/131EAA62,new_tag
600112811,Mus%Hs%16963,https://data.onb.ac.at/rep/131EAA65,new_tag
600112828,Mus%Hs%16964,https://data.onb.ac.at/rep/131EAA64,new_tag
600112905,Mus%Hs%16966,https://data.onb.ac.at/rep/131EAA5E,new_tag
600112913,Mus%Hs%16967,https://data.onb.ac.at/rep/131EAA5D,new_tag
600112911,Mus%Hs%16968,https://data.onb.ac.at/rep/131EAA5C,new_tag
600112873,Mus%Hs%17370,https://data.onb.ac.at/rep/131FC500,new_tag
600112868,Mus%Hs%16962,https://data.onb.ac.at/rep/131EAA66,new_tag
600112865,Mus%Hs%17357,https://data.onb.ac.at/rep/131F9178,new_tag
600112805,Mus%Hs%17356,https://data.onb.ac.at/rep/131FE3DF,new_tag
600112844,Mus%Hs%17338,https://data.onb.ac.at/dtl/8743329,https
600112909,Mus%Hs%17368,https://data.onb.ac.at/rep/131F9176,new_tag
600112882,Mus%Hs%17361,https://data.onb.ac.at/rep/132000C3,new_tag
600112891,Mus%Hs%17362,https://data.onb.ac.at/rep/131F9172,new_tag
600112888,Mus%Hs%17365,https://data.onb.ac.at/rep/131F8CD9,new_tag
600112848,Mus%Hs%17366,https://data.onb.ac.at/rep/131F8CDA,new_tag
600112869,Mus%Hs%17364,https://data.onb.ac.at/rep/131F911E,new_tag
600112818,Mus%Hs%17363,https://data.onb.ac.at/rep/131FE3E0,new_tag
600112808,Mus%Hs%17367,https://data.onb.ac.at/rep/131F916F,new_tag
600112832,Mus%Hs%17354,https://data.onb.ac.at/rep/131F9179,new_tag
600112899,Mus%Hs%16970,https://data.onb.ac.at/rep/131EA754,new_tag
600112918,Mus%Hs%16971,https://data.onb.ac.at/rep/131F31FF,new_tag
600112877,Mus%Hs%17390,https://data.onb.ac.at/dtl/6637633,https
600112886,Mus%Hs%17393,https://data.onb.ac.at/dtl/6638311,https
600112859,Mus%Hs%17394,https://data.onb.ac.at/rep/131F9171,new_tag
600112863,Mus%Hs%17392,https://data.onb.ac.at/rep/131F8CD2,new_tag
600112840,Mus%Hs%17387,https://data.onb.ac.at/rep/131F8CD5,new_tag
600112902,Mus%Hs%17391,https://data.onb.ac.at/dtl/5900048,https
600112900,Mus%Hs%17398,https://data.onb.ac.at/rep/131F80C9,new_tag
600112907,Mus%Hs%17381,https://data.onb.ac.at/rep/131F9170,new_tag
600112874,Mus%Hs%17385,https://data.onb.ac.at/dtl/6637060,https
600112895,Mus%Hs%17396,https://data.onb.ac.at/dtl/6637133,https
600112857,Mus%Hs%17382,https://data.onb.ac.at/dtl/9049908,https
600112853,Mus%Hs%17386,https://data.onb.ac.at/rep/131F916A,new_tag
600112861,Mus%Hs%17388,https://data.onb.ac.at/rep/131F916B,new_tag
600112825,Mus%Hs%17397,https://data.onb.ac.at/rep/131F8CD7,new_tag
600112836,Mus%Hs%17384,https://data.onb.ac.at/rep/131F8CD4,new_tag
600112831,Mus%Hs%17383,https://data.onb.ac.at/rep/131F8CD3,new_tag
600112897,Mus%Hs%17380,https://data.onb.ac.at/dtl/6628237,https
600112916,Mus%Hs%17389,https://data.onb.ac.at/dtl/6637939,https
600112878,Mus%Hs%17395,https://data.onb.ac.at/rep/131F8CD8,new_tag
600112884,Mus%Hs%16973,https://data.onb.ac.at/rep/131F3207,new_tag
600112850,Mus%Hs%16974,https://data.onb.ac.at/rep/131F3206,new_tag
600112822,Mus%Hs%17360,https://data.onb.ac.at/rep/131F9173,new_tag
600112910,Mus%Hs%17342,https://data.onb.ac.at/rep/131F911D,new_tag
600112966,Mus%Hs%17341,https://data.onb.ac.at/rep/131F9126,new_tag
600112928,Mus%Hs%17359,https://data.onb.ac.at/rep/131F9312,new_tag
600112986,Mus%Hs%17343,https://data.onb.ac.at/rep/131F9177,new_tag
600112996,Mus%Hs%17371,https://data.onb.ac.at/rep/131FE3E2,new_tag
600112993,Mus%Hs%17373,https://data.onb.ac.at/dtl/7397459,https
600113002,Mus%Hs%17374,https://data.onb.ac.at/rep/131F80C8,new_tag
600112973,Mus%Hs%17375,https://data.onb.ac.at/rep/131F916E,new_tag
600112985,Mus%Hs%17376,https://data.onb.ac.at/rep/131F9174,new_tag
600112950,Mus%Hs%17377,https://data.onb.ac.at/rep/131F80C7,new_tag
600112947,Mus%Hs%17378,https://data.onb.ac.at/rep/131F9175,new_tag
600112956,Mus%Hs%17379,https://data.onb.ac.at/rep/131F80CB,new_tag
600112929,Mus%Hs%17372,https://data.onb.ac.at/dtl/9217760,https
600112971,Mus%Hs%18198,https://data.onb.ac.at/dtl/8763428,https
600112969,Mus%Hs%18194,https://data.onb.ac.at/dtl/8761710,https
600112977,Mus%Hs%18204,https://data.onb.ac.at/dtl/8762782,https
600112957,Mus%Hs%18184,https://data.onb.ac.at/dtl/8762264,https
600112988,Mus%Hs%17181,https://data.onb.ac.at/dtl/8569174,https
600112949,Mus%Hs%17308,https://data.onb.ac.at/dtl/9266923,https
600112946,Mus%Hs%17231,https://data.onb.ac.at/dtl/8808774,https
600112954,Mus%Hs%17230,https://data.onb.ac.at/dtl/8427453,https
600113308,Mus%Hs%18070/1,https://data.onb.ac.at/dtl/5680603,https
600113308,Mus%Hs%18070/2,https://data.onb.ac.at/dtl/5681018,https
600113308,Mus%Hs%18070/3,https://data.onb.ac.at/dtl/5682179,https
600113277,Mus%Hs%17251/1,https://data.onb.ac.at/dtl/8783187,https
600113277,Mus%Hs%17251/2,https://data.onb.ac.at/dtl/8782893,https
600113277,Mus%Hs%17251/3,https://data.onb.ac.at/dtl/8782169,https
600113243,Mus%Hs%17253,https://data.onb.ac.at/dtl/4774971,https
600114675,Mus%Hs%17252,https://data.onb.ac.at/dtl/7443547,https
600114783,Mus%Hs%17666,https://data.onb.ac.at/dtl/8153730,https
600115446,Mus%Hs%17585,https://data.onb.ac.at/dtl/9275698,https
0,Mus%Hs%17687/1,https://data.onb.ac.at/rep/131FE389,probably_new_tag
0,Mus%Hs%17687/2,https://data.onb.ac.at/rep/131FE3A8,probably_new_tag
600115858,Mus%Hs%17256/1,https://data.onb.ac.at/dtl/7327776,https
600115858,Mus%Hs%17256/2,https://data.onb.ac.at/dtl/7328223,https
600115858,Mus%Hs%17256/3,https://data.onb.ac.at/dtl/7328558,https
600117366,Mus%Hs%17616,https://data.onb.ac.at/dtl/9264923,https
600117381,Mus%Hs%18310,https://data.onb.ac.at/rep/1320920C,new_tag
600117319,Mus%Hs%17617,https://data.onb.ac.at/dtl/9265709,https
600117351,Mus%Hs%17615,https://data.onb.ac.at/dtl/9262165,https
600117332,Mus%Hs%17293,https://data.onb.ac.at/dtl/9225118,https
600118526,Mus%Hs%17326,https://data.onb.ac.at/rep/131F917D,new_tag
600118573,Mus%Hs%16677,https://data.onb.ac.at/rep/131E9D9D,new_tag
0,Mus%Hs%18092/1,https://data.onb.ac.at/dtl/9721934,probably_new_tag
0,Mus%Hs%18092/2,https://data.onb.ac.at/dtl/9721568,probably_new_tag
0,Mus%Hs%18092/3,https://data.onb.ac.at/dtl/9726620,probably_new_tag
600122068,Mus%Hs%17935,https://data.onb.ac.at/rep/131FE3C5,new_tag
600122083,Mus%Hs%17695,https://data.onb.ac.at/dtl/6908520,https
600122106,Mus%Hs%17671,https://data.onb.ac.at/dtl/6712979,https
600122097,Mus%Hs%17032,https://data.onb.ac.at/rep/131F320E,new_tag
600122063,Mus%Hs%17638,https://data.onb.ac.at/dtl/9266153,https
600122336,Mus%Hs%17747,https://data.onb.ac.at/dtl/9631362,https
600122278,Mus%Hs%17550,https://data.onb.ac.at/dtl/9180588,https
600122289,Mus%Hs%17204/1,https://data.onb.ac.at/dtl/8664738,https
600122289,Mus%Hs%17204/2,https://data.onb.ac.at/dtl/8665900,https
600122289,Mus%Hs%17204/3,https://data.onb.ac.at/dtl/8664532,https
600124488,Mus%Hs%17315,https://data.onb.ac.at/rep/131F7661,new_tag
600127089,Mus%Hs%17950,https://data.onb.ac.at/dtl/9751201,new_tag
600127116,Mus%Hs%17740,https://data.onb.ac.at/dtl/9632280,new_tag
600127102,Mus%Hs%17953,https://data.onb.ac.at/rep/131B305F,new_tag
600127256,Mus%Hs%16725,https://data.onb.ac.at/dtl/8429227,https
600127427,Mus%Hs%17514,https://data.onb.ac.at/rep/1320009F,new_tag
600127506,Mus%Hs%17460,https://data.onb.ac.at/rep/13200098,new_tag
600127537,Mus%Hs%17456,https://data.onb.ac.at/rep/131FE3D6,new_tag
600127532,Mus%Hs%17457,https://data.onb.ac.at/rep/131FC4FA,new_tag
600127554,Mus%Hs%17471,https://data.onb.ac.at/rep/131FE3D0,new_tag
600127547,Mus%Hs%17462,https://data.onb.ac.at/rep/131FE3CA,new_tag
600127483,Mus%Hs%16646,https://data.onb.ac.at/rep/131E623F,new_tag
600127527,Mus%Hs%16649,https://data.onb.ac.at/rep/131E6239,new_tag
600127519,Mus%Hs%17464,https://data.onb.ac.at/rep/131FE3CC,new_tag
600127511,Mus%Hs%17463,https://data.onb.ac.at/rep/131FE3C9,new_tag
600127660,Mus%Hs%17459,https://data.onb.ac.at/rep/13200099,new_tag
600127585,Mus%Hs%17458,https://data.onb.ac.at/rep/1320009A,new_tag
600127604,Mus%Hs%17465,https://data.onb.ac.at/rep/13200093,new_tag
600127690,Mus%Hs%17468,https://data.onb.ac.at/rep/13200094,new_tag
600127667,Mus%Hs%17466,https://data.onb.ac.at/rep/132000A0,new_tag
600127650,Mus%Hs%17467,https://data.onb.ac.at/rep/132000A1,new_tag
600127570,Mus%Hs%17470,https://data.onb.ac.at/rep/131FE3CF,new_tag
600127608,Mus%Hs%17469,https://data.onb.ac.at/rep/131FE3CD,new_tag
600127598,Mus%Hs%17472,https://data.onb.ac.at/rep/131FE3CB,new_tag
600127631,Mus%Hs%16815,https://data.onb.ac.at/rep/131E9D91,new_tag
600127574,Mus%Hs%17461,https://data.onb.ac.at/rep/13200092,new_tag
600128131,Mus%Hs%16743,https://data.onb.ac.at/rep/131EA35C,new_tag
600128153,Mus%Hs%17043,https://data.onb.ac.at/rep/131F320A,new_tag
600128176,Mus%Hs%16660,https://data.onb.ac.at/rep/131E9D9E,new_tag
600128188,Mus%Hs%16681,https://data.onb.ac.at/dtl/5702355,https
600128157,Mus%Hs%16814,https://data.onb.ac.at/rep/131E9D92,new_tag
0,Mus%Hs%17696/1,https://data.onb.ac.at/dtl/9640587,probably_new_tag
0,Mus%Hs%17696/2,https://data.onb.ac.at/dtl/9640341,probably_new_tag
600128191,Mus%Hs%17696/3,https://data.onb.ac.at/dtl/9642781,new_tag
600128121,Mus%Hs%17819/1,https://data.onb.ac.at/dtl/9635775,new_tag
0,Mus%Hs%17819/2,https://data.onb.ac.at/dtl/9636307,probably_new_tag
0,Mus%Hs%17819/3,https://data.onb.ac.at/dtl/9636989,probably_new_tag
600128244,Mus%Hs%18207,https://data.onb.ac.at/rep/132092B6,new_tag
600129072,Mus%Hs%17732,https://data.onb.ac.at/dtl/9638005,https
600129082,Mus%Hs%17258,https://data.onb.ac.at/dtl/8905416,https
600129010,Mus%Hs%17571,https://data.onb.ac.at/dtl/9225572,https
600129199,Mus%Hs%16929,https://data.onb.ac.at/rep/131EAA63,new_tag
0,Mus%Hs%18315/1,https://data.onb.ac.at/rep/132083EC,probably_new_tag
0,Mus%Hs%18315/2,https://data.onb.ac.at/rep/13209206,probably_new_tag
600129163,Mus%Hs%17954,https://data.onb.ac.at/dtl/6782393,https
600129211,Mus%Hs%18111,https://data.onb.ac.at/rep/13204686,new_tag
600129182,Mus%Hs%18214,https://data.onb.ac.at/rep/1320920D,new_tag
600129243,Mus%Hs%18110,https://data.onb.ac.at/dtl/5818069,https
600129224,Mus%Hs%18025,https://data.onb.ac.at/rep/131B0E77,new_tag
600129268,Mus%Hs%18005,https://data.onb.ac.at/dtl/5399302,https
600129262,Mus%Hs%17631,https://data.onb.ac.at/dtl/9211364,https
600129255,Mus%Hs%17629,https://data.onb.ac.at/dtl/9211052,https
600129177,Mus%Hs%17632,https://data.onb.ac.at/dtl/9263381,https
600129164,Mus%Hs%17630,https://data.onb.ac.at/dtl/5398532,https
600129148,Mus%Hs%18302,https://data.onb.ac.at/rep/131BADCB,new_tag
600129205,Mus%Hs%18300,https://data.onb.ac.at/rep/131BADBF,new_tag
600129194,Mus%Hs%18004,https://data.onb.ac.at/rep/131B3064,new_tag
600129250,Mus%Hs%17020,https://data.onb.ac.at/dtl/8430831,https
600129241,Mus%Hs%17731,https://data.onb.ac.at/dtl/9368067,https
600129212,Mus%Hs%17624,https://data.onb.ac.at/dtl/5398257,https
600129353,Mus%Hs%17041,https://data.onb.ac.at/rep/131F320B,new_tag
600129345,Mus%Hs%17042,https://data.onb.ac.at/rep/131F320C,new_tag
600129272,Mus%Hs%17040,https://data.onb.ac.at/rep/131F320D,new_tag
600129370,Mus%Hs%18118,https://data.onb.ac.at/rep/13200DE5,new_tag
600129390,Mus%Hs%17602,https://data.onb.ac.at/dtl/9268662,https
600129383,Mus%Hs%17957,https://data.onb.ac.at/dtl/5902330,https
0,Mus%Hs%17959/1,https://data.onb.ac.at/rep/131B0E70,probably_new_tag
600129408,Mus%Hs%17959/2,https://data.onb.ac.at/rep/131B0E6B,new_tag
0,Mus%Hs%17959/3,https://data.onb.ac.at/rep/131B0E6C,probably_new_tag
600130585,Mus%Hs%16661,https://data.onb.ac.at/rep/131EA35F,new_tag
600130544,Mus%Hs%16655,https://data.onb.ac.at/rep/131E9D99,new_tag
600130719,Mus%Hs%16652,https://data.onb.ac.at/rep/131E9D97,new_tag
600130676,Mus%Hs%16665,https://data.onb.ac.at/dtl/6972734,https
600130502,Mus%Hs%16683,https://data.onb.ac.at/rep/131E623E,new_tag
600130730,Mus%Hs%16654,https://data.onb.ac.at/rep/131E9D95,new_tag
600130972,Mus%Hs%16653,https://data.onb.ac.at/rep/131E9D96,new_tag
600130912,Mus%Hs%16682,https://data.onb.ac.at/rep/131E9D9C,new_tag
600130857,Mus%Hs%18121,https://data.onb.ac.at/rep/13202344,new_tag
600130888,Mus%Hs%18131,https://data.onb.ac.at/rep/13200F24,new_tag
600130873,Mus%Hs%17311,https://data.onb.ac.at/rep/131F77C6,new_tag
600130908,Mus%Hs%18129,https://data.onb.ac.at/rep/13200DE3,new_tag
600130917,Mus%Hs%17304,https://data.onb.ac.at/rep/131F9331,new_tag
600130901,Mus%Hs%17309,https://data.onb.ac.at/rep/131F7662,new_tag
600131255,Mus%Hs%17300,https://data.onb.ac.at/rep/131C9E3A,new_tag
600131221,Mus%Hs%17302,https://data.onb.ac.at/rep/131FBEC8,new_tag
600131113,Mus%Hs%18309,https://data.onb.ac.at/rep/131BADC8,new_tag
600131129,Mus%Hs%17988,https://data.onb.ac.at/rep/131B3060,new_tag
600131167,Mus%Hs%17966,https://data.onb.ac.at/dtl/6383172,https
600131135,Mus%Hs%17976,https://data.onb.ac.at/rep/131B0E7A,new_tag
600131199,Mus%Hs%17944,https://data.onb.ac.at/rep/131B0E6F,new_tag
600131181,Mus%Hs%17627,https://data.onb.ac.at/dtl/9262439,https
600131244,Mus%Hs%17990,https://data.onb.ac.at/rep/131B0E72,new_tag
600131227,Mus%Hs%17978,https://data.onb.ac.at/rep/131E9E20,new_tag
600131114,Mus%Hs%18016,https://data.onb.ac.at/dtl/5422300,https
600131093,Mus%Hs%17986,https://data.onb.ac.at/rep/131E9E21,new_tag
600131157,Mus%Hs%17982,https://data.onb.ac.at/rep/131E9DB9,new_tag
600131149,Mus%Hs%17600,https://data.onb.ac.at/dtl/9263571,https
600131179,Mus%Hs%17972,https://data.onb.ac.at/rep/131B0E71,new_tag
600131187,Mus%Hs%17984,https://data.onb.ac.at/rep/131BADD8,new_tag
600131252,Mus%Hs%17622,https://data.onb.ac.at/dtl/9263107,https
600131218,Mus%Hs%17112/1,https://data.onb.ac.at/dtl/8473421,https
600131218,Mus%Hs%17112/2,https://data.onb.ac.at/dtl/8479485,https
600131218,Mus%Hs%17112/3,https://data.onb.ac.at/dtl/8479143,https
600131127,Mus%Hs%17970,https://data.onb.ac.at/dtl/7015614,https
600131097,Mus%Hs%18015,https://data.onb.ac.at/rep/131B0E78,new_tag
600131161,Mus%Hs%17968,https://data.onb.ac.at/rep/131BADD6,new_tag
600132984,Mus%Hs%17841/1,https://data.onb.ac.at/dtl/5750363,https
600132984,Mus%Hs%17841/2,https://data.onb.ac.at/dtl/5749564,https
600132984,Mus%Hs%17841/3,https://data.onb.ac.at/dtl/5749189,https
600133594,Mus%Hs%16959,https://data.onb.ac.at/rep/131EAA5F,new_tag
600133550,Mus%Hs%17683,https://data.onb.ac.at/dtl/9369645,https
600133511,Mus%Hs%16931,https://data.onb.ac.at/rep/131EF73C,new_tag
600133578,Mus%Hs%17653,https://data.onb.ac.at/dtl/9370499,https
600133788,Mus%Hs%17628,https://data.onb.ac.at/rep/131FC4F8,new_tag
600137379,Mus%Hs%17710/1,https://data.onb.ac.at/dtl/8530024,https
600137379,Mus%Hs%17710/2,https://data.onb.ac.at/dtl/8530480,https
600137677,Mus%Hs%17039,https://data.onb.ac.at/rep/131EF72F,new_tag
600137799,Mus%Hs%16980,https://data.onb.ac.at/rep/131F3212,new_tag
600137659,Mus%Hs%16978,https://data.onb.ac.at/rep/131F3201,new_tag
600137655,Mus%Hs%16979,https://data.onb.ac.at/rep/131F433F,new_tag
600137706,Mus%Hs%16991,https://data.onb.ac.at/rep/131FBE97,new_tag
600137789,Mus%Hs%16985,https://data.onb.ac.at/rep/131F3211,new_tag
600137667,Mus%Hs%16986,https://data.onb.ac.at/rep/131EF739,new_tag
600137684,Mus%Hs%16988,https://data.onb.ac.at/rep/131F280B,new_tag
600137700,Mus%Hs%16989,https://data.onb.ac.at/rep/131F3210,new_tag
600137695,Mus%Hs%16992,https://data.onb.ac.at/rep/131F3205,new_tag
600137768,Mus%Hs%16976,https://data.onb.ac.at/rep/131F3200,new_tag
600137708,Mus%Hs%17038,https://data.onb.ac.at/rep/131EF730,new_tag
600137746,Mus%Hs%16990,https://data.onb.ac.at/rep/131F9330,new_tag
600137802,Mus%Hs%17604,https://data.onb.ac.at/dtl/5055097,https
600139393,Mus%Hs%16726,https://data.onb.ac.at/rep/131EA35B,new_tag
600139525,Mus%Hs%17709/1,https://data.onb.ac.at/dtl/9267998,https
600139525,Mus%Hs%17709/3,https://data.onb.ac.at/dtl/9268312,https
600140692,Mus%Hs%16825,https://data.onb.ac.at/rep/131EA358,new_tag
600140786,Mus%Hs%17428,https://data.onb.ac.at/rep/131FC4D6,new_tag
600140713,Mus%Hs%17402,https://data.onb.ac.at/rep/131FE3DC,new_tag
600140812,Mus%Hs%16831,https://data.onb.ac.at/rep/131EA753,new_tag
600140507,Mus%Hs%17413,https://data.onb.ac.at/rep/131FBEB0,new_tag
600140552,Mus%Hs%17414,https://data.onb.ac.at/rep/131FBEB1,new_tag
600140512,Mus%Hs%17405,https://data.onb.ac.at/rep/131FBEAC,new_tag
600140586,Mus%Hs%17404,https://data.onb.ac.at/rep/131FBEAD,new_tag
600140755,Mus%Hs%17412,https://data.onb.ac.at/rep/131FBEAF,new_tag
600140716,Mus%Hs%17408,https://data.onb.ac.at/rep/131FBEB5,new_tag
600140777,Mus%Hs%17410,https://data.onb.ac.at/rep/131FBEB3,new_tag
600140410,Mus%Hs%17411,https://data.onb.ac.at/rep/131FBEB8,new_tag
600140449,Mus%Hs%17406,https://data.onb.ac.at/rep/131FC4D3,new_tag
600140425,Mus%Hs%17407,https://data.onb.ac.at/rep/131FC4D2,new_tag
600140542,Mus%Hs%17431,https://data.onb.ac.at/rep/131FBEAB,new_tag
600140581,Mus%Hs%17432,https://data.onb.ac.at/rep/132000C2,new_tag
600140645,Mus%Hs%17403,https://data.onb.ac.at/rep/131D43B2,new_tag
600140361,Mus%Hs%17427,https://data.onb.ac.at/rep/131FBEB2,new_tag
600140596,Mus%Hs%17435,https://data.onb.ac.at/rep/131FC4CA,new_tag
600140694,Mus%Hs%17455,https://data.onb.ac.at/rep/131FE3D7,new_tag
600140763,Mus%Hs%17437,https://data.onb.ac.at/rep/131FC4CC,new_tag
600140720,Mus%Hs%17440,https://data.onb.ac.at/rep/131FC4CE,new_tag
600140771,Mus%Hs%17439,https://data.onb.ac.at/rep/131FC4CD,new_tag
600140376,Mus%Hs%17436,https://data.onb.ac.at/rep/131FC4CB,new_tag
600140496,Mus%Hs%17434,https://data.onb.ac.at/rep/131FC4C9,new_tag
600140808,Mus%Hs%17453,https://data.onb.ac.at/rep/131FE3D2,new_tag
600140419,Mus%Hs%17450,https://data.onb.ac.at/rep/131FE3D5,new_tag
600140373,Mus%Hs%17451,https://data.onb.ac.at/rep/131FE3D4,new_tag
600140435,Mus%Hs%17452,https://data.onb.ac.at/rep/131FE3D3,new_tag
600140462,Mus%Hs%17441,https://data.onb.ac.at/rep/131FC4CF,new_tag
600140537,Mus%Hs%17442,https://data.onb.ac.at/rep/132000C6,new_tag
600140629,Mus%Hs%17443,https://data.onb.ac.at/rep/131FE3DA,new_tag
600140570,Mus%Hs%17444,https://data.onb.ac.at/rep/131FE3CE,new_tag
600140667,Mus%Hs%17445,https://data.onb.ac.at/rep/131FE3D1,new_tag
600140739,Mus%Hs%17446,https://data.onb.ac.at/rep/131FC4FB,new_tag
600140773,Mus%Hs%17416,https://data.onb.ac.at/rep/131FBEB7,new_tag
600140392,Mus%Hs%17419,https://data.onb.ac.at/rep/131FBEB6,new_tag
600140503,Mus%Hs%17423,https://data.onb.ac.at/rep/131FBE9B,new_tag
600140459,Mus%Hs%17418,https://data.onb.ac.at/rep/131FC4D5,new_tag
600140532,Mus%Hs%17421,https://data.onb.ac.at/rep/131FBEB4,new_tag
600140622,Mus%Hs%17426,https://data.onb.ac.at/rep/131FE3DE,new_tag
600140759,Mus%Hs%17415,https://data.onb.ac.at/rep/131FC4D7,new_tag
600140719,Mus%Hs%17417,https://data.onb.ac.at/rep/131FBEAE,new_tag
600140778,Mus%Hs%17420,https://data.onb.ac.at/rep/131F916C,new_tag
600140405,Mus%Hs%17425,https://data.onb.ac.at/rep/131FE3DD,new_tag
600140446,Mus%Hs%17401,https://data.onb.ac.at/rep/131FC4D1,new_tag
600140557,Mus%Hs%17429,https://data.onb.ac.at/rep/131FC4D8,new_tag
600140516,Mus%Hs%17430,https://data.onb.ac.at/rep/131D43B3,new_tag
600140707,Mus%Hs%17173,https://data.onb.ac.at/dtl/6409072,https
600141465,Mus%Hs%16659,https://data.onb.ac.at/rep/131E9D98,new_tag
600141432,Mus%Hs%16686,https://data.onb.ac.at/rep/131E9D90,new_tag
600141395,Mus%Hs%16687,https://data.onb.ac.at/rep/131EA357,new_tag
600141219,Mus%Hs%16691,https://data.onb.ac.at/rep/131E9D93,new_tag
600141230,Mus%Hs%16729,https://data.onb.ac.at/rep/131EA359,new_tag
600141203,Mus%Hs%16969,https://data.onb.ac.at/rep/131EAA61,new_tag
600141200,Mus%Hs%17033,https://data.onb.ac.at/dtl/9370213,https
600141487,Mus%Hs%17058,https://data.onb.ac.at/dtl/7096772,https
600141424,Mus%Hs%17059,https://data.onb.ac.at/rep/131FBEBE,new_tag
600141458,Mus%Hs%17091,https://data.onb.ac.at/rep/131A92DE,new_tag
600141397,Mus%Hs%17092,https://data.onb.ac.at/rep/131F4348,new_tag
600141311,Mus%Hs%17095,https://data.onb.ac.at/rep/131F8305,new_tag
600141249,Mus%Hs%17096/1,https://data.onb.ac.at/dtl/8429517,https
600141249,Mus%Hs%17096/2,https://data.onb.ac.at/dtl/8413364,https
600141249,Mus%Hs%17096/3,https://data.onb.ac.at/dtl/8413304,https
600141249,Mus%Hs%17096/4,https://data.onb.ac.at/dtl/8428955,https
600141289,Mus%Hs%17113/1,https://data.onb.ac.at/dtl/8479843,https
600141289,Mus%Hs%17113/2,https://data.onb.ac.at/dtl/8476401,https
600141289,Mus%Hs%17113/3,https://data.onb.ac.at/dtl/8480201,https
0,Mus%Hs%17154/1,https://data.onb.ac.at/rep/131ABE11,probably_new_tag
0,Mus%Hs%17154/2,https://data.onb.ac.at/rep/131ABE10,probably_new_tag
0,Mus%Hs%17154/3,https://data.onb.ac.at/rep/131ABE07,probably_new_tag
0,Mus%Hs%17154/4,https://data.onb.ac.at/rep/131ABE06,probably_new_tag
600141184,Mus%Hs%17155/1,https://data.onb.ac.at/dtl/8534174,https
600141184,Mus%Hs%17155/2,https://data.onb.ac.at/dtl/8537050,https
600141511,Mus%Hs%17156/1,https://data.onb.ac.at/dtl/8830748,https
600141511,Mus%Hs%17156/2,https://data.onb.ac.at/dtl/8830968,https
600141511,Mus%Hs%17156/3,https://data.onb.ac.at/dtl/8830898,https
600141511,Mus%Hs%17156/4,https://data.onb.ac.at/dtl/8831070,https
600141449,Mus%Hs%17162/1,https://data.onb.ac.at/dtl/9043704,https
600141449,Mus%Hs%17162/2,https://data.onb.ac.at/dtl/9043266,https
600141449,Mus%Hs%17162/3,https://data.onb.ac.at/dtl/9042848,https
600141385,Mus%Hs%17163/1,https://data.onb.ac.at/dtl/9212316,https
600141385,Mus%Hs%17163/2,https://data.onb.ac.at/dtl/9212550,https
600141385,Mus%Hs%17163/3,https://data.onb.ac.at/dtl/9212704,https
600141385,Mus%Hs%17163/4,https://data.onb.ac.at/dtl/9212162,https
600141309,Mus%Hs%17171/1,https://data.onb.ac.at/dtl/8578590,https
600141309,Mus%Hs%17171/2,https://data.onb.ac.at/dtl/8577738,https
600141309,Mus%Hs%17171/3,https://data.onb.ac.at/dtl/8578192,https
600141353,Mus%Hs%17172/1,https://data.onb.ac.at/dtl/8594450,https
600141353,Mus%Hs%17172/2,https://data.onb.ac.at/dtl/8594308,https
600141353,Mus%Hs%17172/3,https://data.onb.ac.at/dtl/8594592,https
600141353,Mus%Hs%17172/4,https://data.onb.ac.at/dtl/8594674,https
600141284,Mus%Hs%17174/1,https://data.onb.ac.at/dtl/8668204,https
600141284,Mus%Hs%17174/2,https://data.onb.ac.at/dtl/8668080,https
600141284,Mus%Hs%17174/3,https://data.onb.ac.at/dtl/8666648,https
600141284,Mus%Hs%17174/4,https://data.onb.ac.at/dtl/8668126,https
600141198,Mus%Hs%17177/1,https://data.onb.ac.at/dtl/8566820,https
600141198,Mus%Hs%17177/2,https://data.onb.ac.at/dtl/8566350,https
600141198,Mus%Hs%17177/3,https://data.onb.ac.at/dtl/8564414,https
600141530,Mus%Hs%17178/1,https://data.onb.ac.at/dtl/6258584,https
600141530,Mus%Hs%17178/2,https://data.onb.ac.at/dtl/6238343,https
600141530,Mus%Hs%17178/3,https://data.onb.ac.at/dtl/6236934,https
600141530,Mus%Hs%17178/4,https://data.onb.ac.at/dtl/6260469,https
600141485,Mus%Hs%17179/1,https://data.onb.ac.at/dtl/8831172,https
600141485,Mus%Hs%17179/2,https://data.onb.ac.at/dtl/8832072,https
600141485,Mus%Hs%17179/3,https://data.onb.ac.at/dtl/8831658,https
600141416,Mus%Hs%17180/1,https://data.onb.ac.at/dtl/9086487,https
600141416,Mus%Hs%17180/2,https://data.onb.ac.at/dtl/9086673,https
600141416,Mus%Hs%17180/3,https://data.onb.ac.at/dtl/9086775,https
600141416,Mus%Hs%17180/4,https://data.onb.ac.at/dtl/9086853,https
600141456,Mus%Hs%17188,https://data.onb.ac.at/dtl/8569768,https
600141389,Mus%Hs%17189/1,https://data.onb.ac.at/dtl/8935590,https
600141389,Mus%Hs%17189/2,https://data.onb.ac.at/dtl/8935488,https
600141389,Mus%Hs%17189/3,https://data.onb.ac.at/dtl/8935414,https
600141389,Mus%Hs%17189/4,https://data.onb.ac.at/dtl/8935320,https
600141338,Mus%Hs%17190/1,https://data.onb.ac.at/dtl/8593020,https
600141338,Mus%Hs%17190/2,https://data.onb.ac.at/dtl/8590294,https
600141338,Mus%Hs%17190/3,https://data.onb.ac.at/dtl/8592580,https
600141273,Mus%Hs%17191/1,https://data.onb.ac.at/dtl/9104418,https
600141273,Mus%Hs%17191/2,https://data.onb.ac.at/dtl/9104320,https
600141273,Mus%Hs%17191/3,https://data.onb.ac.at/dtl/9104246,https
600141273,Mus%Hs%17191/4,https://data.onb.ac.at/dtl/9104180,https
600141212,Mus%Hs%17193/1,https://data.onb.ac.at/dtl/9080092,https
600141212,Mus%Hs%17193/2,https://data.onb.ac.at/dtl/9079336,https
600141212,Mus%Hs%17193/3,https://data.onb.ac.at/dtl/9079454,https
600141212,Mus%Hs%17193/4,https://data.onb.ac.at/dtl/9079720,https
600141246,Mus%Hs%17194/1,https://data.onb.ac.at/dtl/6463585,https
600141246,Mus%Hs%17194/2,https://data.onb.ac.at/rep/131CD655,new_tag
600141246,Mus%Hs%17194/3,https://data.onb.ac.at/dtl/6461037,https
600141195,Mus%Hs%17195/1,https://data.onb.ac.at/dtl/5563663,https
600141195,Mus%Hs%17195/2,https://data.onb.ac.at/dtl/5564255,https
600141195,Mus%Hs%17195/3,https://data.onb.ac.at/dtl/5564804,https
600141195,Mus%Hs%17195/4,https://data.onb.ac.at/dtl/5567997,https
0,Mus%Hs%17196/1,https://data.onb.ac.at/rep/131BADDE,probably_new_tag
600141523,Mus%Hs%17196/2,https://data.onb.ac.at/rep/131BADDD,new_tag
0,Mus%Hs%17196/3,https://data.onb.ac.at/rep/131BADDC,probably_new_tag
600141471,Mus%Hs%17197/1,https://data.onb.ac.at/dtl/9075490,https
600141471,Mus%Hs%17197/2,https://data.onb.ac.at/dtl/9075584,https
600141471,Mus%Hs%17197/3,https://data.onb.ac.at/dtl/9075678,https
600141471,Mus%Hs%17197/4,https://data.onb.ac.at/dtl/9075764,https
600141505,Mus%Hs%17208/1,https://data.onb.ac.at/dtl/5568064,https
600141505,Mus%Hs%17208/2,https://data.onb.ac.at/dtl/5563773,https
600141505,Mus%Hs%17208/3,https://data.onb.ac.at/dtl/5563106,https
600141446,Mus%Hs%17209/1,https://data.onb.ac.at/dtl/9177596,https
600141446,Mus%Hs%17209/2,https://data.onb.ac.at/dtl/9177142,https
600141446,Mus%Hs%17209/3,https://data.onb.ac.at/dtl/9177228,https
600141446,Mus%Hs%17209/4,https://data.onb.ac.at/dtl/9177872,https
600141383,Mus%Hs%17210/1,https://data.onb.ac.at/dtl/8793958,https
600141383,Mus%Hs%17210/2,https://data.onb.ac.at/dtl/8784599,https
600141383,Mus%Hs%17210/3,https://data.onb.ac.at/dtl/8785005,https
600141295,Mus%Hs%17211/1,https://data.onb.ac.at/dtl/8935696,https
600141295,Mus%Hs%17211/2,https://data.onb.ac.at/dtl/8936028,https
600141295,Mus%Hs%17211/3,https://data.onb.ac.at/dtl/8936130,https
600141295,Mus%Hs%17211/4,https://data.onb.ac.at/dtl/8935890,https
600141344,Mus%Hs%17212,https://data.onb.ac.at/dtl/5112085,https
600141275,Mus%Hs%17213/1,https://data.onb.ac.at/dtl/8936220,https
600141275,Mus%Hs%17213/2,https://data.onb.ac.at/dtl/8936416,https
600141275,Mus%Hs%17213/3,https://data.onb.ac.at/dtl/8936354,https
600141275,Mus%Hs%17213/4,https://data.onb.ac.at/dtl/8936486,https
600141217,Mus%Hs%17214,https://data.onb.ac.at/dtl/8806818,https
600141189,Mus%Hs%17215/1,https://data.onb.ac.at/dtl/8902142,https
600141189,Mus%Hs%17215/2,https://data.onb.ac.at/dtl/8901760,https
600141189,Mus%Hs%17215/3,https://data.onb.ac.at/dtl/8901886,https
600141189,Mus%Hs%17215/4,https://data.onb.ac.at/dtl/8902750,https
600141517,Mus%Hs%17216,https://data.onb.ac.at/dtl/8848410,https
600141540,Mus%Hs%17217/1,https://data.onb.ac.at/dtl/9039734,https
600141540,Mus%Hs%17217/2,https://data.onb.ac.at/dtl/9039656,https
600141540,Mus%Hs%17217/3,https://data.onb.ac.at/dtl/9039594,https
600141540,Mus%Hs%17217/4,https://data.onb.ac.at/dtl/9039812,https
600141497,Mus%Hs%17218/1,https://data.onb.ac.at/dtl/5556149,https
600141497,Mus%Hs%17218/2,https://data.onb.ac.at/dtl/5555695,https
600141497,Mus%Hs%17218/3,https://data.onb.ac.at/dtl/5555312,https
600141497,Mus%Hs%17218/4,https://data.onb.ac.at/dtl/5554901,https
600141497,Mus%Hs%17218/5,https://data.onb.ac.at/dtl/5554602,https
600141440,Mus%Hs%17219/1,https://data.onb.ac.at/dtl/8806498,https
600141440,Mus%Hs%17219/2,https://data.onb.ac.at/dtl/8808506,https
600141440,Mus%Hs%17219/3,https://data.onb.ac.at/dtl/8808672,https
600141440,Mus%Hs%17219/4,https://data.onb.ac.at/dtl/8806660,https
600141363,Mus%Hs%17220/1,https://data.onb.ac.at/dtl/8839140,https
600141363,Mus%Hs%17220/2,https://data.onb.ac.at/dtl/8838682,https
600141407,Mus%Hs%17221/1,https://data.onb.ac.at/dtl/9104516,https
600141407,Mus%Hs%17221/2,https://data.onb.ac.at/dtl/9104686,https
600141407,Mus%Hs%17221/3,https://data.onb.ac.at/dtl/9104616,https
600141407,Mus%Hs%17221/4,https://data.onb.ac.at/dtl/9104788,https
600141326,Mus%Hs%17222,https://data.onb.ac.at/dtl/8949590,https
600141265,Mus%Hs%17223/1,https://data.onb.ac.at/dtl/9076426,https
600141265,Mus%Hs%17223/2,https://data.onb.ac.at/dtl/9076348,https
600141265,Mus%Hs%17223/3,https://data.onb.ac.at/dtl/9076294,https
600141265,Mus%Hs%17223/4,https://data.onb.ac.at/dtl/9076248,https
600141206,Mus%Hs%17224,https://data.onb.ac.at/dtl/9039890,https
600141237,Mus%Hs%17225/1,https://data.onb.ac.at/dtl/8847686,https
600141237,Mus%Hs%17225/2,https://data.onb.ac.at/dtl/8847852,https
600141237,Mus%Hs%17225/3,https://data.onb.ac.at/dtl/8847954,https
600141237,Mus%Hs%17225/4,https://data.onb.ac.at/dtl/8848048,https
600141191,Mus%Hs%17227/1,https://data.onb.ac.at/dtl/8830248,https
600141191,Mus%Hs%17227/2,https://data.onb.ac.at/dtl/8830622,https
600141191,Mus%Hs%17227/3,https://data.onb.ac.at/dtl/8830544,https
600141191,Mus%Hs%17227/4,https://data.onb.ac.at/dtl/8830410,https
600141518,Mus%Hs%17228/1,https://data.onb.ac.at/dtl/8809356,https
600141518,Mus%Hs%17228/2,https://data.onb.ac.at/dtl/9044314,https
600141489,Mus%Hs%17229/1,https://data.onb.ac.at/dtl/8796288,https
600141489,Mus%Hs%17229/2,https://data.onb.ac.at/dtl/8796202,https
600141489,Mus%Hs%17229/3,https://data.onb.ac.at/dtl/8793864,https
600141489,Mus%Hs%17229/4,https://data.onb.ac.at/dtl/8796116,https
600141489,Mus%Hs%17229/5,https://data.onb.ac.at/dtl/8796038,https
600141489,Mus%Hs%17229/6,https://data.onb.ac.at/dtl/8795968,https
600141489,Mus%Hs%17229/7,https://data.onb.ac.at/dtl/8795858,https
600141427,Mus%Hs%17232/1,https://data.onb.ac.at/dtl/8839718,https
600141427,Mus%Hs%17232/2,https://data.onb.ac.at/dtl/8839648,https
600141427,Mus%Hs%17232/3,https://data.onb.ac.at/dtl/8839586,https
600141427,Mus%Hs%17232/4,https://data.onb.ac.at/dtl/8838502,https
600141462,Mus%Hs%17236,https://data.onb.ac.at/dtl/9040840,https
600141401,Mus%Hs%17237/1,https://data.onb.ac.at/dtl/9215764,https
600141401,Mus%Hs%17237/2,https://data.onb.ac.at/dtl/9215686,https
600141401,Mus%Hs%17237/3,https://data.onb.ac.at/dtl/9215546,https
600141401,Mus%Hs%17237/4,https://data.onb.ac.at/dtl/9215616,https
600141316,Mus%Hs%17238/1,https://data.onb.ac.at/dtl/5268239,https
600141316,Mus%Hs%17238/2,https://data.onb.ac.at/dtl/5266431,https
600141316,Mus%Hs%17238/3,https://data.onb.ac.at/dtl/5263773,https
600141256,Mus%Hs%17239/1,https://data.onb.ac.at/dtl/9132898,https
600141256,Mus%Hs%17239/2,https://data.onb.ac.at/dtl/9132756,https
600141256,Mus%Hs%17239/3,https://data.onb.ac.at/dtl/9132666,https
600141256,Mus%Hs%17239/4,https://data.onb.ac.at/dtl/9132540,https
600141601,Mus%Hs%17240/1,https://data.onb.ac.at/dtl/9042358,https
600141601,Mus%Hs%17240/2,https://data.onb.ac.at/dtl/9041940,https
600141601,Mus%Hs%17240/3,https://data.onb.ac.at/dtl/9041558,https
600141586,Mus%Hs%17241/1,https://data.onb.ac.at/dtl/9076016,https
600141586,Mus%Hs%17241/2,https://data.onb.ac.at/dtl/9075882,https
600141586,Mus%Hs%17241/3,https://data.onb.ac.at/dtl/9076154,https
600141586,Mus%Hs%17241/4,https://data.onb.ac.at/dtl/9075002,https
600141552,Mus%Hs%17243,https://data.onb.ac.at/dtl/9045786,https
600141655,Mus%Hs%17244/1,https://data.onb.ac.at/dtl/8935048,https
600141655,Mus%Hs%17244/2,https://data.onb.ac.at/dtl/8935258,https
600141655,Mus%Hs%17244/3,https://data.onb.ac.at/dtl/8935196,https
600141655,Mus%Hs%17244/4,https://data.onb.ac.at/dtl/8935150,https
600141666,Mus%Hs%17245,https://data.onb.ac.at/dtl/8849056,https
600141647,Mus%Hs%17246/1,https://data.onb.ac.at/dtl/8883998,https
600141647,Mus%Hs%17246/2,https://data.onb.ac.at/dtl/8883912,https
600141647,Mus%Hs%17246/3,https://data.onb.ac.at/dtl/8883862,https
600141647,Mus%Hs%17246/4,https://data.onb.ac.at/dtl/8883788,https
600141615,Mus%Hs%17248/1,https://data.onb.ac.at/dtl/7114668,https
600141615,Mus%Hs%17248/2,https://data.onb.ac.at/dtl/7114760,https
600141615,Mus%Hs%17248/3,https://data.onb.ac.at/dtl/7114611,https
600141615,Mus%Hs%17248/4,https://data.onb.ac.at/dtl/7114120,https
600141615,Mus%Hs%17248/5,https://data.onb.ac.at/dtl/7111723,https
600141615,Mus%Hs%17248/6,https://data.onb.ac.at/dtl/7113544,https
600141605,Mus%Hs%17249,https://data.onb.ac.at/dtl/6466232,https
600141614,Mus%Hs%17250/1,https://data.onb.ac.at/dtl/7678978,https
600141614,Mus%Hs%17250/2,https://data.onb.ac.at/dtl/7682224,https
600141614,Mus%Hs%17250/3,https://data.onb.ac.at/dtl/7682303,https
600141614,Mus%Hs%17250/4,https://data.onb.ac.at/dtl/7681120,https
600141541,Mus%Hs%17262/1,https://data.onb.ac.at/dtl/8807632,https
600141541,Mus%Hs%17262/2,https://data.onb.ac.at/dtl/8832490,https
600141570,Mus%Hs%17263/1,https://data.onb.ac.at/dtl/8839938,https
600141570,Mus%Hs%17263/2,https://data.onb.ac.at/dtl/8840136,https
600141570,Mus%Hs%17263/3,https://data.onb.ac.at/dtl/8840258,https
600141570,Mus%Hs%17263/4,https://data.onb.ac.at/dtl/8839788,https
600141664,Mus%Hs%17264,https://data.onb.ac.at/dtl/8422199,https
600141644,Mus%Hs%17265/1,https://data.onb.ac.at/dtl/8884522,https
600141644,Mus%Hs%17265/2,https://data.onb.ac.at/dtl/8884416,https
600141644,Mus%Hs%17265/3,https://data.onb.ac.at/dtl/8884330,https
600141644,Mus%Hs%17265/4,https://data.onb.ac.at/dtl/8883540,https
600141628,Mus%Hs%17266/1,https://data.onb.ac.at/dtl/5992238,https
600141628,Mus%Hs%17266/2,https://data.onb.ac.at/dtl/5981615,https
600141628,Mus%Hs%17266/3,https://data.onb.ac.at/dtl/5987654,https
600141636,Mus%Hs%17267/1,https://data.onb.ac.at/dtl/8883232,https
600141636,Mus%Hs%17267/2,https://data.onb.ac.at/dtl/8883650,https
600141636,Mus%Hs%17267/3,https://data.onb.ac.at/dtl/8884802,https
600141636,Mus%Hs%17267/4,https://data.onb.ac.at/dtl/8884672,https
600141621,Mus%Hs%17268,https://data.onb.ac.at/dtl/6376986,https
600141606,Mus%Hs%17269/1,https://data.onb.ac.at/dtl/7200664,https
600141606,Mus%Hs%17269/2,https://data.onb.ac.at/dtl/7200587,https
600141606,Mus%Hs%17269/3,https://data.onb.ac.at/dtl/7200741,https
600141606,Mus%Hs%17269/4,https://data.onb.ac.at/dtl/7199981,https
600141591,Mus%Hs%17270/1,https://data.onb.ac.at/dtl/9044764,https
600141591,Mus%Hs%17270/2,https://data.onb.ac.at/dtl/9039028,https
600141579,Mus%Hs%17271/1,https://data.onb.ac.at/dtl/8901996,https
600141579,Mus%Hs%17271/2,https://data.onb.ac.at/dtl/8901310,https
600141579,Mus%Hs%17271/3,https://data.onb.ac.at/dtl/8901634,https
600141579,Mus%Hs%17271/4,https://data.onb.ac.at/dtl/8902868,https
600141661,Mus%Hs%17274/1,https://data.onb.ac.at/dtl/7189051,https
600141661,Mus%Hs%17274/2,https://data.onb.ac.at/dtl/7200810,https
600141640,Mus%Hs%17275/1,https://data.onb.ac.at/dtl/7200183,https
600141640,Mus%Hs%17275/2,https://data.onb.ac.at/dtl/7200082,https
600141640,Mus%Hs%17275/3,https://data.onb.ac.at/dtl/7201425,https
600141640,Mus%Hs%17275/4,https://data.onb.ac.at/dtl/7201514,https
600141619,Mus%Hs%17278,https://data.onb.ac.at/dtl/8927955,https
600141603,Mus%Hs%17279/1,https://data.onb.ac.at/dtl/9180818,https
600141603,Mus%Hs%17279/2,https://data.onb.ac.at/dtl/9180440,https
600141603,Mus%Hs%17279/3,https://data.onb.ac.at/dtl/9178074,https
600141603,Mus%Hs%17279/4,https://data.onb.ac.at/dtl/9177526,https
0,Mus%Hs%17281/1,https://data.onb.ac.at/rep/131B1016,probably_new_tag
0,Mus%Hs%17281/2,https://data.onb.ac.at/rep/131B1017,probably_new_tag
0,Mus%Hs%17281/3,https://data.onb.ac.at/rep/131B1014,probably_new_tag
600141596,Mus%Hs%17282/1,https://data.onb.ac.at/dtl/6436037,https
600141596,Mus%Hs%17282/2,https://data.onb.ac.at/dtl/6434496,https
600141596,Mus%Hs%17282/3,https://data.onb.ac.at/dtl/6434170,https
600141596,Mus%Hs%17282/4,https://data.onb.ac.at/dtl/6436407,https
600141580,Mus%Hs%17283/1,https://data.onb.ac.at/dtl/9085585,https
600141580,Mus%Hs%17283/2,https://data.onb.ac.at/dtl/9085271,https
600141580,Mus%Hs%17283/3,https://data.onb.ac.at/dtl/9084949,https
600141580,Mus%Hs%17283/4,https://data.onb.ac.at/dtl/9084559,https
600141580,Mus%Hs%17283/5,https://data.onb.ac.at/dtl/9085963,https
600141536,Mus%Hs%17284/1,https://data.onb.ac.at/dtl/9177306,https
600141536,Mus%Hs%17284/2,https://data.onb.ac.at/dtl/9177690,https
600141536,Mus%Hs%17284/3,https://data.onb.ac.at/dtl/9177918,https
600141536,Mus%Hs%17284/4,https://data.onb.ac.at/dtl/9178458,https
600141649,Mus%Hs%17290,https://data.onb.ac.at/dtl/9046344,https
600141632,Mus%Hs%17291/1,https://data.onb.ac.at/dtl/8884138,https
600141632,Mus%Hs%17291/2,https://data.onb.ac.at/dtl/8884248,https
600141632,Mus%Hs%17291/3,https://data.onb.ac.at/dtl/8884084,https
600141632,Mus%Hs%17291/4,https://data.onb.ac.at/dtl/8883462,https
600141610,Mus%Hs%17449,https://data.onb.ac.at/rep/131FE3D8,new_tag
600141657,Mus%Hs%17544,https://data.onb.ac.at/dtl/9274544,https
600141638,Mus%Hs%17545,https://data.onb.ac.at/dtl/9215098,https
600141650,Mus%Hs%17548,https://data.onb.ac.at/dtl/9132374,https
600141587,Mus%Hs%17567,https://data.onb.ac.at/dtl/5806567,https
600141656,Mus%Hs%17574,https://data.onb.ac.at/dtl/7581146,https
600141667,Mus%Hs%17575,https://data.onb.ac.at/dtl/9181182,https
600141648,Mus%Hs%17577,https://data.onb.ac.at/dtl/4552127,https
600141616,Mus%Hs%17580,https://data.onb.ac.at/dtl/8733086,https
600141599,Mus%Hs%17593/1-8,https://data.onb.ac.at/dtl/4746636,https
600141583,Mus%Hs%17598,https://data.onb.ac.at/dtl/5023823,https
600141544,Mus%Hs%17601/1-12,https://data.onb.ac.at/dtl/9368735,https
600141572,Mus%Hs%17603/1-12,https://data.onb.ac.at/dtl/9264469,https
600141665,Mus%Hs%17607,https://data.onb.ac.at/dtl/4711429,https
600141600,Mus%Hs%17634/1,https://data.onb.ac.at/dtl/9178214,https
600141600,Mus%Hs%17634/2,https://data.onb.ac.at/dtl/9178128,https
600141547,Mus%Hs%17667/1,https://data.onb.ac.at/dtl/8153667,https
600141547,Mus%Hs%17667/2,https://data.onb.ac.at/dtl/8153604,https
600141547,Mus%Hs%17667/3,https://data.onb.ac.at/dtl/8153557,https
600141547,Mus%Hs%17667/4,https://data.onb.ac.at/dtl/8153490,https
600141662,Mus%Hs%17668,https://data.onb.ac.at/dtl/6255707,https
0,Mus%Hs%17672/1,https://data.onb.ac.at/dtl/9579042,probably_new_tag
600141641,Mus%Hs%17672/2,https://data.onb.ac.at/dtl/9578172,new_tag
0,Mus%Hs%17672/3,https://data.onb.ac.at/dtl/9578296,probably_new_tag
0,Mus%Hs%17672/4,https://data.onb.ac.at/dtl/9578374,probably_new_tag
0,Mus%Hs%17702/1,https://data.onb.ac.at/dtl/9577676,probably_new_tag
0,Mus%Hs%17702/2,https://data.onb.ac.at/dtl/9578110,probably_new_tag
600141654,Mus%Hs%17702/3,https://data.onb.ac.at/dtl/9578258,new_tag
0,Mus%Hs%17702/4,https://data.onb.ac.at/dtl/9578056,probably_new_tag
600141597,Mus%Hs%17721,https://data.onb.ac.at/dtl/8425649,https
600141581,Mus%Hs%17724/1-6,https://data.onb.ac.at/dtl/8514534,https
600141663,Mus%Hs%17734/1-9,https://data.onb.ac.at/dtl/9638307,new_tag
600141627,Mus%Hs%17749/1-22,https://data.onb.ac.at/dtl/7580675,https
600141611,Mus%Hs%17753/1-24,https://data.onb.ac.at/dtl/9579224,new_tag
600141504,Mus%Hs%17907,https://data.onb.ac.at/dtl/6798472,https
600141387,Mus%Hs%17955,https://data.onb.ac.at/rep/131BADD9,new_tag
0,Mus%Hs%17956/1,https://data.onb.ac.at/dtl/9581178,probably_new_tag
0,Mus%Hs%17956/2,https://data.onb.ac.at/dtl/9577068,probably_new_tag
600141336,Mus%Hs%17956/3,https://data.onb.ac.at/dtl/9581104,new_tag
0,Mus%Hs%17956/4,https://data.onb.ac.at/dtl/9581026,probably_new_tag
0,Mus%Hs%17958/1,https://data.onb.ac.at/dtl/9578816,probably_new_tag
0,Mus%Hs%17958/2,https://data.onb.ac.at/dtl/9577220,probably_new_tag
600141269,Mus%Hs%17958/3,https://data.onb.ac.at/dtl/9578436,new_tag
0,Mus%Hs%17958/4,https://data.onb.ac.at/dtl/9578548,probably_new_tag
0,Mus%Hs%17961/1,https://data.onb.ac.at/dtl/9578964,probably_new_tag
0,Mus%Hs%17961/2,https://data.onb.ac.at/dtl/9578886,probably_new_tag
600141568,Mus%Hs%17961/3,https://data.onb.ac.at/dtl/9580956,new_tag
0,Mus%Hs%17961/4,https://data.onb.ac.at/dtl/9580228,probably_new_tag
600141520,Mus%Hs%17962,https://data.onb.ac.at/dtl/9689126,new_tag
0,Mus%Hs%17963/1,https://data.onb.ac.at/dtl/9580456,probably_new_tag
0,Mus%Hs%17963/2,https://data.onb.ac.at/dtl/9578614,probably_new_tag
600141477,Mus%Hs%17963/3,https://data.onb.ac.at/dtl/9578502,new_tag
0,Mus%Hs%17963/4,https://data.onb.ac.at/dtl/9578660,probably_new_tag
600141506,Mus%Hs%17964/1,https://data.onb.ac.at/rep/131ABE83,new_tag
0,Mus%Hs%17964/2,https://data.onb.ac.at/rep/131ABE82,probably_new_tag
0,Mus%Hs%17965/1,https://data.onb.ac.at/dtl/9580676,probably_new_tag
0,Mus%Hs%17965/2,https://data.onb.ac.at/dtl/9580550,probably_new_tag
600141459,Mus%Hs%17965/3,https://data.onb.ac.at/dtl/9580846,new_tag
0,Mus%Hs%17965/4,https://data.onb.ac.at/dtl/9580346,probably_new_tag
600141425,Mus%Hs%17974,https://data.onb.ac.at/dtl/9751979,new_tag
600141382,Mus%Hs%17975/1,https://data.onb.ac.at/dtl/9688462,new_tag
0,Mus%Hs%17975/2,https://data.onb.ac.at/dtl/9688392,probably_new_tag
0,Mus%Hs%17975/3,https://data.onb.ac.at/dtl/9688338,probably_new_tag
0,Mus%Hs%17975/4,https://data.onb.ac.at/dtl/9687350,probably_new_tag
600141328,Mus%Hs%17993/1,https://data.onb.ac.at/dtl/8484989,https
600141328,Mus%Hs%17993/2,https://data.onb.ac.at/dtl/8488638,https
600141328,Mus%Hs%17993/3,https://data.onb.ac.at/dtl/8488346,https
600141328,Mus%Hs%17993/4,https://data.onb.ac.at/dtl/8486399,https
600141328,Mus%Hs%17993/5,https://data.onb.ac.at/dtl/8391143,https
0,Mus%Hs%17994/1,https://data.onb.ac.at/dtl/9688564,probably_new_tag
600141356,Mus%Hs%17994/2,https://data.onb.ac.at/dtl/9688746,new_tag
0,Mus%Hs%17994/3,https://data.onb.ac.at/dtl/9688026,probably_new_tag
0,Mus%Hs%17994/4,https://data.onb.ac.at/dtl/9687924,probably_new_tag
0,Mus%Hs%17995/1,https://data.onb.ac.at/rep/131BADD1,probably_new_tag
0,Mus%Hs%17995/2,https://data.onb.ac.at/rep/131BADD0,probably_new_tag
0,Mus%Hs%17996/1,https://data.onb.ac.at/rep/131ABCAC,probably_new_tag
600141567,Mus%Hs%17996/2,https://data.onb.ac.at/rep/131ABCA3,new_tag
0,Mus%Hs%17996/3,https://data.onb.ac.at/rep/131ABCA1,probably_new_tag
0,Mus%Hs%17996/4,https://data.onb.ac.at/rep/131ABCA4,probably_new_tag
600141499,Mus%Hs%18002,https://data.onb.ac.at/rep/131BADD7,new_tag
0,Mus%Hs%18003/1,https://data.onb.ac.at/rep/131ACFE0,probably_new_tag
0,Mus%Hs%18003/2,https://data.onb.ac.at/rep/131ACFDF,probably_new_tag
0,Mus%Hs%18003/3,https://data.onb.ac.at/rep/131ACFE8,probably_new_tag
600141454,Mus%Hs%18003/4,https://data.onb.ac.at/rep/131ACFE7,new_tag
600141404,Mus%Hs%18006,https://data.onb.ac.at/rep/131ACFE6,new_tag
600141426,Mus%Hs%18007/1,https://data.onb.ac.at/dtl/9685058,new_tag
0,Mus%Hs%18007/2,https://data.onb.ac.at/dtl/9686668,probably_new_tag
0,Mus%Hs%18007/3,https://data.onb.ac.at/dtl/9686730,probably_new_tag
0,Mus%Hs%18007/4,https://data.onb.ac.at/dtl/9686792,probably_new_tag
600141384,Mus%Hs%18008,https://data.onb.ac.at/rep/131BADC2,new_tag
0,Mus%Hs%18009/1,https://data.onb.ac.at/rep/131ACFED,probably_new_tag
0,Mus%Hs%18009/2,https://data.onb.ac.at/rep/131ACFEE,probably_new_tag
0,Mus%Hs%18009/3,https://data.onb.ac.at/rep/131ACFEF,probably_new_tag
0,Mus%Hs%18009/4,https://data.onb.ac.at/rep/131ACFF0,probably_new_tag
0,Mus%Hs%18010/1,https://data.onb.ac.at/rep/131BADD5,probably_new_tag
0,Mus%Hs%18010/2,https://data.onb.ac.at/rep/131BADD3,probably_new_tag
0,Mus%Hs%18010/3,https://data.onb.ac.at/rep/131BADD2,probably_new_tag
0,Mus%Hs%18011/1,https://data.onb.ac.at/dtl/9685698,probably_new_tag
0,Mus%Hs%18011/2,https://data.onb.ac.at/dtl/9686254,probably_new_tag
0,Mus%Hs%18011/3,https://data.onb.ac.at/dtl/9686408,probably_new_tag
0,Mus%Hs%18011/4,https://data.onb.ac.at/dtl/9686510,probably_new_tag
600141578,Mus%Hs%18012,https://data.onb.ac.at/rep/131BADD4,new_tag
0,Mus%Hs%18013/1,https://data.onb.ac.at/rep/131ABE60,probably_new_tag
0,Mus%Hs%18013/2,https://data.onb.ac.at/rep/131ABE61,probably_new_tag
0,Mus%Hs%18013/3,https://data.onb.ac.at/rep/131ABE62,probably_new_tag
600141543,Mus%Hs%18013/4,https://data.onb.ac.at/rep/131ABE63,new_tag
0,Mus%Hs%18023/1,https://data.onb.ac.at/rep/131B0E73,probably_new_tag
0,Mus%Hs%18023/2,https://data.onb.ac.at/rep/131B0E74,probably_new_tag
600141448,Mus%Hs%18023/3,https://data.onb.ac.at/rep/131B0E75,new_tag
0,Mus%Hs%18023/4,https://data.onb.ac.at/rep/131B0E76,probably_new_tag
0,Mus%Hs%18023/5,https://data.onb.ac.at/dtl/9752617,probably_new_tag
0,Mus%Hs%18024/1,https://data.onb.ac.at/rep/131ACFE9,probably_new_tag
0,Mus%Hs%18024/2,https://data.onb.ac.at/rep/131ACFEA,probably_new_tag
600141475,Mus%Hs%18024/3,https://data.onb.ac.at/rep/131ACFEB,new_tag
0,Mus%Hs%18024/4,https://data.onb.ac.at/rep/131ACFEC,probably_new_tag
0,Mus%Hs%18026/1,https://data.onb.ac.at/rep/131ABE5C,probably_new_tag
0,Mus%Hs%18026/2,https://data.onb.ac.at/rep/131ABE5D,probably_new_tag
0,Mus%Hs%18026/3,https://data.onb.ac.at/rep/131ABE5E,probably_new_tag
0,Mus%Hs%18026/4,https://data.onb.ac.at/rep/131ABE5F,probably_new_tag
0,Mus%Hs%18087/1,https://data.onb.ac.at/rep/131BADBC,probably_new_tag
0,Mus%Hs%18087/2,https://data.onb.ac.at/rep/131BADBD,probably_new_tag
0,Mus%Hs%18087/3,https://data.onb.ac.at/rep/131BADBE,probably_new_tag
0,Mus%Hs%18088/1,https://data.onb.ac.at/rep/131ABE64,probably_new_tag
600141414,Mus%Hs%18088/2,https://data.onb.ac.at/rep/131ABE65,new_tag
0,Mus%Hs%18088/3,https://data.onb.ac.at/rep/131ABE66,probably_new_tag
0,Mus%Hs%18088/4,https://data.onb.ac.at/rep/131ABE67,probably_new_tag
600141433,Mus%Hs%18089/1,https://data.onb.ac.at/dtl/9367227,https
600141433,Mus%Hs%18089/2,https://data.onb.ac.at/dtl/9367685,https
600141433,Mus%Hs%18089/3,https://data.onb.ac.at/dtl/9369915,https
600141433,Mus%Hs%18089/4,https://data.onb.ac.at/dtl/9366677,https
600141433,Mus%Hs%18089/5,https://data.onb.ac.at/dtl/9366355,https
0,Mus%Hs%18090/1,https://data.onb.ac.at/rep/131ACFF1,probably_new_tag
0,Mus%Hs%18090/2,https://data.onb.ac.at/rep/131ACFF2,probably_new_tag
0,Mus%Hs%18090/3,https://data.onb.ac.at/rep/131ACFF3,probably_new_tag
600141390,Mus%Hs%18090/4,https://data.onb.ac.at/rep/131ACFF4,new_tag
600141277,Mus%Hs%18099,https://data.onb.ac.at/dtl/5810000,https
600141308,Mus%Hs%18100,https://data.onb.ac.at/rep/1320008F,new_tag
600141569,Mus%Hs%18101,https://data.onb.ac.at/rep/13200E14,new_tag
600141522,Mus%Hs%18102,https://data.onb.ac.at/rep/13200DF8,new_tag
600141479,Mus%Hs%18103,https://data.onb.ac.at/rep/13200091,new_tag
600141508,Mus%Hs%18104,https://data.onb.ac.at/rep/131C708B,new_tag
600141463,Mus%Hs%18105,https://data.onb.ac.at/rep/13200DFC,new_tag
600141418,Mus%Hs%18106,https://data.onb.ac.at/rep/13200090,new_tag
600141372,Mus%Hs%18107,https://data.onb.ac.at/rep/1320008E,new_tag
600141331,Mus%Hs%18108,https://data.onb.ac.at/rep/13200EF2,new_tag
600141367,Mus%Hs%18109,https://data.onb.ac.at/rep/13200DFD,new_tag
600141239,Mus%Hs%18112,https://data.onb.ac.at/dtl/9673988,new_tag
600141545,Mus%Hs%18113,https://data.onb.ac.at/rep/13200EF1,new_tag
600141493,Mus%Hs%18114,https://data.onb.ac.at/rep/13200EEE,new_tag
600141524,Mus%Hs%18115,https://data.onb.ac.at/rep/132092BD,new_tag
600141473,Mus%Hs%18116,https://data.onb.ac.at/rep/13200DE6,new_tag
600141413,Mus%Hs%18117,https://data.onb.ac.at/rep/13200EEC,new_tag
600141358,Mus%Hs%18119,https://data.onb.ac.at/dtl/9676276,new_tag
600141386,Mus%Hs%18120,https://data.onb.ac.at/rep/13200EF0,new_tag
600141334,Mus%Hs%18123,https://data.onb.ac.at/rep/13200EEB,new_tag
600141266,Mus%Hs%18124,https://data.onb.ac.at/rep/13207F3A,new_tag
600141201,Mus%Hs%18125,https://data.onb.ac.at/rep/13200DE2,new_tag
600141243,Mus%Hs%18126,https://data.onb.ac.at/rep/13200EEF,new_tag
600141560,Mus%Hs%18127,https://data.onb.ac.at/rep/13200DE4,new_tag
600141512,Mus%Hs%18128,https://data.onb.ac.at/rep/13207F35,new_tag
600141453,Mus%Hs%18133,https://data.onb.ac.at/rep/131A92EC,new_tag
600141402,Mus%Hs%18134,https://data.onb.ac.at/rep/13207F33,new_tag
600141437,Mus%Hs%18135,https://data.onb.ac.at/rep/13207F31,new_tag
600141261,Mus%Hs%18151,https://data.onb.ac.at/rep/131E95D3,new_tag
600141303,Mus%Hs%18152,https://data.onb.ac.at/rep/131E95D1,new_tag
600141231,Mus%Hs%18154,https://data.onb.ac.at/rep/132092BC,new_tag
600141534,Mus%Hs%18155,https://data.onb.ac.at/rep/13204688,new_tag
600141484,Mus%Hs%18156,https://data.onb.ac.at/rep/13207F2F,new_tag
600141516,Mus%Hs%18157,https://data.onb.ac.at/rep/13204812,new_tag
600141461,Mus%Hs%18158,https://data.onb.ac.at/rep/13209210,new_tag
600141428,Mus%Hs%18159,https://data.onb.ac.at/rep/13204814,new_tag
600141365,Mus%Hs%18160,https://data.onb.ac.at/rep/132092B9,new_tag
600141315,Mus%Hs%18161,https://data.onb.ac.at/rep/13207F30,new_tag
600141345,Mus%Hs%18162,https://data.onb.ac.at/rep/13209212,new_tag
600141283,Mus%Hs%18163,https://data.onb.ac.at/rep/13204811,new_tag
600141215,Mus%Hs%18164,https://data.onb.ac.at/rep/13209211,new_tag
600141528,Mus%Hs%18165,https://data.onb.ac.at/rep/13204687,new_tag
600141555,Mus%Hs%18166,https://data.onb.ac.at/rep/132092BA,new_tag
600141507,Mus%Hs%18168,https://data.onb.ac.at/rep/132080C5,new_tag
600141447,Mus%Hs%18169,https://data.onb.ac.at/rep/13209235,new_tag
600141396,Mus%Hs%18170,https://data.onb.ac.at/rep/13207EF3,new_tag
600141431,Mus%Hs%18171,https://data.onb.ac.at/rep/13207F2C,new_tag
600141366,Mus%Hs%18172,https://data.onb.ac.at/rep/13207EF5,new_tag
600141340,Mus%Hs%18173,https://data.onb.ac.at/rep/13209236,new_tag
600141276,Mus%Hs%18174,https://data.onb.ac.at/rep/132080C6,new_tag
600141210,Mus%Hs%18175,https://data.onb.ac.at/rep/132092B7,new_tag
600141251,Mus%Hs%18176,https://data.onb.ac.at/rep/13207EF1,new_tag
600141551,Mus%Hs%18177,https://data.onb.ac.at/rep/1320920F,new_tag
600141501,Mus%Hs%18178,https://data.onb.ac.at/rep/13207EF4,new_tag
600141441,Mus%Hs%18179,https://data.onb.ac.at/rep/13207F2D,new_tag
600141478,Mus%Hs%18181,https://data.onb.ac.at/rep/13207F2E,new_tag
600141422,Mus%Hs%18182,https://data.onb.ac.at/rep/13207EEF,new_tag
600141310,Mus%Hs%18185,https://data.onb.ac.at/rep/132092B8,new_tag
600141342,Mus%Hs%18186,https://data.onb.ac.at/rep/132080CF,new_tag
600141279,Mus%Hs%18187,https://data.onb.ac.at/rep/13207EEE,new_tag
600141213,Mus%Hs%18188,https://data.onb.ac.at/rep/13207EF0,new_tag
600141548,Mus%Hs%18189,https://data.onb.ac.at/rep/132083ED,new_tag
600141495,Mus%Hs%18190,https://data.onb.ac.at/rep/1320920E,new_tag
600141526,Mus%Hs%18191,https://data.onb.ac.at/rep/132083EE,new_tag
600141476,Mus%Hs%18192,https://data.onb.ac.at/rep/13209217,new_tag
600141415,Mus%Hs%18193,https://data.onb.ac.at/rep/1320920A,new_tag
600141361,Mus%Hs%18195,https://data.onb.ac.at/rep/132083EF,new_tag
600141388,Mus%Hs%18196,https://data.onb.ac.at/dtl/7744611,https
600141337,Mus%Hs%18197/1,https://data.onb.ac.at/dtl/7743283,https
600141337,Mus%Hs%18197/2,https://data.onb.ac.at/dtl/7743362,https
600141337,Mus%Hs%18197/3,https://data.onb.ac.at/dtl/7744548,https
600141337,Mus%Hs%18197/4,https://data.onb.ac.at/dtl/7743498,https
600141337,Mus%Hs%18197/5,https://data.onb.ac.at/dtl/7743553,https
600141270,Mus%Hs%18199,https://data.onb.ac.at/rep/131F80C4,new_tag
600141209,Mus%Hs%18200,https://data.onb.ac.at/rep/131EF176,new_tag
600141247,Mus%Hs%18201,https://data.onb.ac.at/rep/13209208,new_tag
600141549,Mus%Hs%18212,https://data.onb.ac.at/rep/131B1153,new_tag
600141457,Mus%Hs%18215,https://data.onb.ac.at/rep/1320920B,new_tag
600141438,Mus%Hs%18218,https://data.onb.ac.at/rep/132083F1,new_tag
600141376,Mus%Hs%18219,https://data.onb.ac.at/rep/13209209,new_tag
0,Mus%Hs%18221/1,https://data.onb.ac.at/rep/131ABE0C,probably_new_tag
0,Mus%Hs%18221/2,https://data.onb.ac.at/rep/131ABE0D,probably_new_tag
0,Mus%Hs%18221/3,https://data.onb.ac.at/rep/131ABE0E,probably_new_tag
0,Mus%Hs%18221/4,https://data.onb.ac.at/rep/131ABE0F,probably_new_tag
0,Mus%Hs%18222/1,https://data.onb.ac.at/dtl/9725618,probably_new_tag
0,Mus%Hs%18222/2,https://data.onb.ac.at/dtl/9721306,probably_new_tag
0,Mus%Hs%18222/3,https://data.onb.ac.at/dtl/9725964,probably_new_tag
0,Mus%Hs%18222/4,https://data.onb.ac.at/dtl/9721060,probably_new_tag
0,Mus%Hs%18222/5,https://data.onb.ac.at/dtl/9725236,probably_new_tag
0,Mus%Hs%18223/1,https://data.onb.ac.at/rep/131ABE6C,probably_new_tag
0,Mus%Hs%18223/2,https://data.onb.ac.at/rep/131ABE6D,probably_new_tag
0,Mus%Hs%18223/3,https://data.onb.ac.at/rep/131ABE6E,probably_new_tag
0,Mus%Hs%18223/4,https://data.onb.ac.at/rep/131ABE6F,probably_new_tag
0,Mus%Hs%18224/1,https://data.onb.ac.at/rep/131AA93A,probably_new_tag
0,Mus%Hs%18224/2,https://data.onb.ac.at/rep/131AA97D,probably_new_tag
0,Mus%Hs%18224/3,https://data.onb.ac.at/rep/131AA97C,probably_new_tag
0,Mus%Hs%18224/4,https://data.onb.ac.at/rep/131AA93D,probably_new_tag
600141233,Mus%Hs%18224/5,https://data.onb.ac.at/rep/131AA93E,new_tag
0,Mus%Hs%18225/1,https://data.onb.ac.at/rep/131ABE0B,probably_new_tag
0,Mus%Hs%18225/2,https://data.onb.ac.at/rep/131ABE08,probably_new_tag
0,Mus%Hs%18225/3,https://data.onb.ac.at/rep/131ABE0A,probably_new_tag
0,Mus%Hs%18225/4,https://data.onb.ac.at/rep/131ABE09,probably_new_tag
0,Mus%Hs%18226/1,https://data.onb.ac.at/rep/131AD44D,probably_new_tag
600141488,Mus%Hs%18226/2,https://data.onb.ac.at/rep/131AD44C,new_tag
0,Mus%Hs%18226/3,https://data.onb.ac.at/rep/131AD44B,probably_new_tag
0,Mus%Hs%18226/4,https://data.onb.ac.at/rep/131AD44A,probably_new_tag
0,Mus%Hs%18226/5,https://data.onb.ac.at/rep/131AD449,probably_new_tag
600141519,Mus%Hs%18241,https://data.onb.ac.at/rep/131E9DB8,new_tag
0,Mus%Hs%18242/1,https://data.onb.ac.at/rep/131ABCE3,probably_new_tag
0,Mus%Hs%18242/2,https://data.onb.ac.at/rep/131ABCE4,probably_new_tag
0,Mus%Hs%18242/3,https://data.onb.ac.at/rep/131ABCE5,probably_new_tag
0,Mus%Hs%18242/4,https://data.onb.ac.at/rep/131ABCE6,probably_new_tag
600141408,Mus%Hs%18243/1,https://data.onb.ac.at/dtl/7161059,https
600141408,Mus%Hs%18243/2,https://data.onb.ac.at/dtl/7162289,https
600141408,Mus%Hs%18243/3,https://data.onb.ac.at/dtl/7161674,https
600141355,Mus%Hs%18244/1,https://data.onb.ac.at/dtl/6259868,https
600141355,Mus%Hs%18244/2,https://data.onb.ac.at/dtl/6258701,https
600141355,Mus%Hs%18244/3,https://data.onb.ac.at/dtl/6257301,https
600141355,Mus%Hs%18244/4,https://data.onb.ac.at/dtl/6255247,https
600141320,Mus%Hs%18245,https://data.onb.ac.at/rep/131BADCD,new_tag
0,Mus%Hs%18246/1,https://data.onb.ac.at/rep/131ABBC3,probably_new_tag
0,Mus%Hs%18246/2,https://data.onb.ac.at/rep/131ABBC4,probably_new_tag
0,Mus%Hs%18246/3,https://data.onb.ac.at/rep/131ABBC5,probably_new_tag
0,Mus%Hs%18246/4,https://data.onb.ac.at/rep/131ABBC6,probably_new_tag
0,Mus%Hs%18254/1,https://data.onb.ac.at/rep/131ABBBE,probably_new_tag
0,Mus%Hs%18254/2,https://data.onb.ac.at/rep/131ABBBD,probably_new_tag
0,Mus%Hs%18254/3,https://data.onb.ac.at/rep/131ABBBC,probably_new_tag
0,Mus%Hs%18254/4,https://data.onb.ac.at/rep/131ABBBB,probably_new_tag
600500064,Mus%Hs%18283,https://data.onb.ac.at/dtl/4589101,https
600500075,Mus%Hs%18285,https://data.onb.ac.at/dtl/5023071,https
0,Mus%Hs%18298/1,https://data.onb.ac.at/rep/131AA54D,probably_new_tag
0,Mus%Hs%18298/2,https://data.onb.ac.at/rep/131AA54E,probably_new_tag
0,Mus%Hs%18298/3,https://data.onb.ac.at/rep/131AA54C,probably_new_tag
0,Mus%Hs%18298/4,https://data.onb.ac.at/rep/131AA54B,probably_new_tag
600141399,Mus%Hs%18298/5,https://data.onb.ac.at/rep/131AA54A,new_tag
0,Mus%Hs%18299/1,https://data.onb.ac.at/rep/131AD000,probably_new_tag
0,Mus%Hs%18299/2,https://data.onb.ac.at/rep/131ACFFF,probably_new_tag
0,Mus%Hs%18299/3,https://data.onb.ac.at/rep/131ACFFE,probably_new_tag
0,Mus%Hs%18299/4,https://data.onb.ac.at/rep/131ACFFD,probably_new_tag
0,Mus%Hs%18299/5,https://data.onb.ac.at/rep/131ACFFC,probably_new_tag
0,Mus%Hs%18301/1,https://data.onb.ac.at/rep/131ABE74,probably_new_tag
0,Mus%Hs%18301/2,https://data.onb.ac.at/rep/131ABE75,probably_new_tag
0,Mus%Hs%18301/3,https://data.onb.ac.at/rep/131ABE76,probably_new_tag
0,Mus%Hs%18301/4,https://data.onb.ac.at/rep/131ABE77,probably_new_tag
0,Mus%Hs%18303/1,https://data.onb.ac.at/rep/131ABE70,probably_new_tag
0,Mus%Hs%18303/2,https://data.onb.ac.at/rep/131ABE71,probably_new_tag
0,Mus%Hs%18303/3,https://data.onb.ac.at/rep/131ABE72,probably_new_tag
0,Mus%Hs%18303/4,https://data.onb.ac.at/rep/131ABE73,probably_new_tag
600500097,Mus%Hs%18311,https://data.onb.ac.at/rep/132083F4,new_tag
600141298,Mus%Hs%18312,https://data.onb.ac.at/rep/132092B3,new_tag
600141553,Mus%Hs%18314,https://data.onb.ac.at/rep/132092B4,new_tag
600141503,Mus%Hs%18316,https://data.onb.ac.at/rep/132083F0,new_tag
600142632,Mus%Hs%17082,https://data.onb.ac.at/rep/131F4346,new_tag
600142603,Mus%Hs%17057,https://data.onb.ac.at/rep/131FBEBD,new_tag
0,Mus%Hs%17676/1,https://data.onb.ac.at/dtl/9577482,probably_new_tag
0,Mus%Hs%17676/2,https://data.onb.ac.at/dtl/9577356,probably_new_tag
0,Mus%Hs%17676/3,https://data.onb.ac.at/dtl/9577426,probably_new_tag
0,Mus%Hs%17676/4,https://data.onb.ac.at/dtl/9578722,probably_new_tag
600142646,Mus%Hs%17259,https://data.onb.ac.at/dtl/4752859,https
600142620,Mus%Hs%17294/1,https://data.onb.ac.at/dtl/9212802,https
600142620,Mus%Hs%17294/2,https://data.onb.ac.at/dtl/9212880,https
600142620,Mus%Hs%17294/3,https://data.onb.ac.at/dtl/9212926,https
600142114,Mus%Hs%18208,https://data.onb.ac.at/rep/13209207,new_tag
0,Mus%Hs%18210/1,https://data.onb.ac.at/rep/131ABD8C,probably_new_tag
0,Mus%Hs%18210/2,https://data.onb.ac.at/rep/131ABD8B,probably_new_tag
0,Mus%Hs%18210/3,https://data.onb.ac.at/rep/131ABD8A,probably_new_tag
0,Mus%Hs%18210/4,https://data.onb.ac.at/rep/131ABD89,probably_new_tag
600142065,Mus%Hs%18122,https://data.onb.ac.at/rep/13207F34,new_tag
600142141,Mus%Hs%18132,https://data.onb.ac.at/rep/132092BB,new_tag
600142126,Mus%Hs%18130,https://data.onb.ac.at/rep/13207F39,new_tag
600142135,Mus%Hs%17305,https://data.onb.ac.at/rep/131FC3F1,new_tag
600142471,Mus%Hs%17310,https://data.onb.ac.at/rep/131F7663,new_tag
600142424,Mus%Hs%17301,https://data.onb.ac.at/rep/131FBEBA,new_tag
600142385,Mus%Hs%17303,https://data.onb.ac.at/rep/131FBEB9,new_tag
0,Mus%Hs%17989/1,https://data.onb.ac.at/dtl/9577146,probably_new_tag
0,Mus%Hs%17989/2,https://data.onb.ac.at/dtl/9581560,probably_new_tag
600142405,Mus%Hs%17989/3,https://data.onb.ac.at/dtl/9581634,new_tag
0,Mus%Hs%17989/4,https://data.onb.ac.at/dtl/9581888,probably_new_tag
0,Mus%Hs%17967/1,https://data.onb.ac.at/dtl/9687784,probably_new_tag
0,Mus%Hs%17967/2,https://data.onb.ac.at/dtl/9687854,probably_new_tag
0,Mus%Hs%17967/3,https://data.onb.ac.at/dtl/9687680,probably_new_tag
600142378,Mus%Hs%17967/4,https://data.onb.ac.at/dtl/9687734,new_tag
0,Mus%Hs%17977/1,https://data.onb.ac.at/dtl/9689716,probably_new_tag
600142362,Mus%Hs%17977/2,https://data.onb.ac.at/dtl/9684980,new_tag
0,Mus%Hs%17977/3,https://data.onb.ac.at/dtl/9685856,probably_new_tag
0,Mus%Hs%17977/4,https://data.onb.ac.at/dtl/9685906,probably_new_tag
0,Mus%Hs%17991/1,https://data.onb.ac.at/dtl/9688916,probably_new_tag
600142346,Mus%Hs%17991/2,https://data.onb.ac.at/dtl/9688978,new_tag
0,Mus%Hs%17991/3,https://data.onb.ac.at/dtl/9689064,probably_new_tag
0,Mus%Hs%17979/1,https://data.onb.ac.at/rep/131ACFE1,probably_new_tag
600142509,Mus%Hs%17979/2,https://data.onb.ac.at/rep/131ACFE5,new_tag
0,Mus%Hs%17979/3,https://data.onb.ac.at/rep/131ACFE2,probably_new_tag
0,Mus%Hs%17979/4,https://data.onb.ac.at/rep/131ACFE3,probably_new_tag
600142530,Mus%Hs%18017,https://data.onb.ac.at/dtl/9685984,new_tag
0,Mus%Hs%17987/1,https://data.onb.ac.at/dtl/9685402,probably_new_tag
0,Mus%Hs%17987/2,https://data.onb.ac.at/dtl/9685320,probably_new_tag
0,Mus%Hs%17987/3,https://data.onb.ac.at/dtl/9685246,probably_new_tag
600142491,Mus%Hs%17987/4,https://data.onb.ac.at/dtl/9685168,new_tag
0,Mus%Hs%17983/1,https://data.onb.ac.at/dtl/9688132,probably_new_tag
600142460,Mus%Hs%17983/2,https://data.onb.ac.at/dtl/9687280,new_tag
0,Mus%Hs%17983/3,https://data.onb.ac.at/dtl/9688210,probably_new_tag
0,Mus%Hs%17983/4,https://data.onb.ac.at/dtl/9688260,probably_new_tag
0,Mus%Hs%17973/1,https://data.onb.ac.at/rep/131ABE58,probably_new_tag
0,Mus%Hs%17973/2,https://data.onb.ac.at/rep/131ABE59,probably_new_tag
0,Mus%Hs%17973/3,https://data.onb.ac.at/rep/131ABE5A,probably_new_tag
0,Mus%Hs%17973/4,https://data.onb.ac.at/rep/131ABE5B,probably_new_tag
0,Mus%Hs%17985/1,https://data.onb.ac.at/dtl/9685488,probably_new_tag
0,Mus%Hs%17985/2,https://data.onb.ac.at/dtl/9685558,probably_new_tag
0,Mus%Hs%17985/3,https://data.onb.ac.at/dtl/9684934,probably_new_tag
600142438,Mus%Hs%17985/4,https://data.onb.ac.at/dtl/9685628,new_tag
0,Mus%Hs%17971/1,https://data.onb.ac.at/dtl/9581490,probably_new_tag
0,Mus%Hs%17971/2,https://data.onb.ac.at/dtl/9581374,probably_new_tag
0,Mus%Hs%17971/3,https://data.onb.ac.at/dtl/9581320,probably_new_tag
0,Mus%Hs%17971/4,https://data.onb.ac.at/dtl/9581444,probably_new_tag
0,Mus%Hs%17969/1,https://data.onb.ac.at/dtl/9687494,probably_new_tag
0,Mus%Hs%17969/2,https://data.onb.ac.at/dtl/9687564,probably_new_tag
0,Mus%Hs%17969/3,https://data.onb.ac.at/dtl/9687634,probably_new_tag
0,Mus%Hs%17969/4,https://data.onb.ac.at/dtl/9687428,probably_new_tag
0,Mus%Hs%18305/1,https://data.onb.ac.at/rep/131ABE78,probably_new_tag
0,Mus%Hs%18305/2,https://data.onb.ac.at/rep/131ABE79,probably_new_tag
0,Mus%Hs%18305/3,https://data.onb.ac.at/rep/131ABE7A,probably_new_tag
0,Mus%Hs%18305/4,https://data.onb.ac.at/rep/131ABE7B,probably_new_tag
600142426,Mus%Hs%17055,https://data.onb.ac.at/rep/131FBEC4,new_tag
0,Mus%Hs%18277/1,https://data.onb.ac.at/rep/131ABBD3,probably_new_tag
0,Mus%Hs%18277/2,https://data.onb.ac.at/rep/131ABBCF,probably_new_tag
0,Mus%Hs%18277/3,https://data.onb.ac.at/rep/131ABBD0,probably_new_tag
0,Mus%Hs%18277/4,https://data.onb.ac.at/rep/131ABBD1,probably_new_tag
0,Mus%Hs%18296/1,https://data.onb.ac.at/rep/131ABCA8,probably_new_tag
0,Mus%Hs%18296/2,https://data.onb.ac.at/rep/131ABCAB,probably_new_tag
0,Mus%Hs%18296/3,https://data.onb.ac.at/rep/131ABCAA,probably_new_tag
0,Mus%Hs%18296/4,https://data.onb.ac.at/rep/131ABCA9,probably_new_tag
0,Mus%Hs%18293/1,https://data.onb.ac.at/rep/131ABBBF,probably_new_tag
0,Mus%Hs%18293/2,https://data.onb.ac.at/rep/131ABBC0,probably_new_tag
0,Mus%Hs%18293/3,https://data.onb.ac.at/rep/131ABBC1,probably_new_tag
0,Mus%Hs%18293/4,https://data.onb.ac.at/rep/131ABBC2,probably_new_tag
0,Mus%Hs%18260/1,https://data.onb.ac.at/rep/131ABCE7,probably_new_tag
0,Mus%Hs%18260/2,https://data.onb.ac.at/rep/131ABCE8,probably_new_tag
0,Mus%Hs%18260/3,https://data.onb.ac.at/rep/131ABCE9,probably_new_tag
0,Mus%Hs%18260/4,https://data.onb.ac.at/rep/131ABCEA,probably_new_tag
0,Mus%Hs%18307/1,https://data.onb.ac.at/rep/131ACFF9,probably_new_tag
0,Mus%Hs%18307/2,https://data.onb.ac.at/rep/131ACFFA,probably_new_tag
0,Mus%Hs%18307/3,https://data.onb.ac.at/rep/131ACFFB,probably_new_tag
600142510,Mus%Hs%17061,https://data.onb.ac.at/rep/131F4345,new_tag
600142462,Mus%Hs%17063,https://data.onb.ac.at/rep/131F4349,new_tag
600142344,Mus%Hs%17074,https://data.onb.ac.at/rep/131F4343,new_tag
600142489,Mus%Hs%17068,https://data.onb.ac.at/rep/131FC3F9,new_tag
600142415,Mus%Hs%17139/1,https://data.onb.ac.at/dtl/7329075,https
600142415,Mus%Hs%17139/2,https://data.onb.ac.at/dtl/7329152,https
600142415,Mus%Hs%17139/3,https://data.onb.ac.at/dtl/7329233,https
600142415,Mus%Hs%17139/4,https://data.onb.ac.at/dtl/7329294,https
0,Mus%Hs%18237/1,https://data.onb.ac.at/rep/131ABCEC,probably_new_tag
0,Mus%Hs%18237/2,https://data.onb.ac.at/rep/131ABCED,probably_new_tag
0,Mus%Hs%18237/3,https://data.onb.ac.at/rep/131ABCEE,probably_new_tag
0,Mus%Hs%18237/4,https://data.onb.ac.at/rep/131ABCEF,probably_new_tag
0,Mus%Hs%18233/1,https://data.onb.ac.at/rep/131ABCA7,probably_new_tag
0,Mus%Hs%18233/2,https://data.onb.ac.at/rep/131ABCA6,probably_new_tag
0,Mus%Hs%18233/3,https://data.onb.ac.at/rep/131ABCA5,probably_new_tag
0,Mus%Hs%18233/4,https://data.onb.ac.at/rep/131ABCA2,probably_new_tag
600142607,Mus%Hs%17133,https://data.onb.ac.at/rep/131F932F,new_tag
600142573,Mus%Hs%17152,https://data.onb.ac.at/rep/131E623A,new_tag
600142546,Mus%Hs%17169/1,https://data.onb.ac.at/dtl/9075360,https
600142546,Mus%Hs%17169/2,https://data.onb.ac.at/dtl/9075226,https
600142546,Mus%Hs%17169/3,https://data.onb.ac.at/dtl/9075132,https
0,Mus%Hs%18098/1,https://data.onb.ac.at/rep/131ABE05,probably_new_tag
0,Mus%Hs%18098/2,https://data.onb.ac.at/rep/131ABE12,probably_new_tag
0,Mus%Hs%18098/3,https://data.onb.ac.at/rep/131ABE13,probably_new_tag
0,Mus%Hs%18098/4,https://data.onb.ac.at/rep/131ABE14,probably_new_tag
0,Mus%Hs%18231/1,https://data.onb.ac.at/rep/131ABBCB,probably_new_tag
0,Mus%Hs%18231/2,https://data.onb.ac.at/rep/131ABBCC,probably_new_tag
0,Mus%Hs%18231/3,https://data.onb.ac.at/rep/131ABBCD,probably_new_tag
0,Mus%Hs%18231/4,https://data.onb.ac.at/rep/131ABBCE,probably_new_tag
600142443,Mus%Hs%17135,https://data.onb.ac.at/rep/131F932C,new_tag
600142406,Mus%Hs%17119,https://data.onb.ac.at/rep/131FC3F5,new_tag
600142431,Mus%Hs%17185,https://data.onb.ac.at/dtl/8570286,https
600142395,Mus%Hs%17186/2,https://data.onb.ac.at/dtl/8593656,https
600142395,Mus%Hs%17186/3,https://data.onb.ac.at/dtl/8593966,https
600142598,Mus%Hs%17150/1,https://data.onb.ac.at/dtl/8567776,https
600142598,Mus%Hs%17150/2,https://data.onb.ac.at/dtl/8568126,https
600142598,Mus%Hs%17150/3,https://data.onb.ac.at/dtl/8567394,https
600142568,Mus%Hs%17149/1,https://data.onb.ac.at/dtl/8536794,https
600142568,Mus%Hs%17149/2,https://data.onb.ac.at/dtl/8536632,https
600142568,Mus%Hs%17149/3,https://data.onb.ac.at/dtl/8536534,https
600142568,Mus%Hs%17149/4,https://data.onb.ac.at/dtl/8536364,https
600142538,Mus%Hs%17072,https://data.onb.ac.at/rep/131F4342,new_tag
600142554,Mus%Hs%17128,https://data.onb.ac.at/rep/131FC3F8,new_tag
600142518,Mus%Hs%17126,https://data.onb.ac.at/rep/131FBEBC,new_tag
600142447,Mus%Hs%17115,https://data.onb.ac.at/rep/131C8131,new_tag
0,Mus%Hs%18256/1,https://data.onb.ac.at/rep/131ABCF0,probably_new_tag
0,Mus%Hs%18256/2,https://data.onb.ac.at/rep/131ABCF1,probably_new_tag
0,Mus%Hs%18256/3,https://data.onb.ac.at/rep/131ABCF2,probably_new_tag
0,Mus%Hs%18256/4,https://data.onb.ac.at/rep/131ABCF3,probably_new_tag
600142611,Mus%Hs%17137/1,https://data.onb.ac.at/dtl/8470777,https
600142611,Mus%Hs%17137/2,https://data.onb.ac.at/dtl/8473975,https
600142611,Mus%Hs%17137/3,https://data.onb.ac.at/dtl/8473149,https
600142611,Mus%Hs%17137/4,https://data.onb.ac.at/dtl/8470615,https
600142611,Mus%Hs%17137/5,https://data.onb.ac.at/dtl/8473049,https
600142611,Mus%Hs%17137/6,https://data.onb.ac.at/dtl/8473285,https
600142625,Mus%Hs%17130,https://data.onb.ac.at/rep/131FBEBB,new_tag
600142599,Mus%Hs%17094,https://data.onb.ac.at/rep/131F4347,new_tag
600142567,Mus%Hs%17121,https://data.onb.ac.at/rep/131FC3F7,new_tag
600142539,Mus%Hs%17147/1,https://data.onb.ac.at/dtl/8848150,https
600142539,Mus%Hs%17147/2,https://data.onb.ac.at/dtl/8848270,https
600142539,Mus%Hs%17147/3,https://data.onb.ac.at/dtl/8848220,https
600142539,Mus%Hs%17147/4,https://data.onb.ac.at/dtl/8848340,https
600142552,Mus%Hs%18258,https://data.onb.ac.at/rep/131E6236,new_tag
600142524,Mus%Hs%17165/1,https://data.onb.ac.at/dtl/9078874,https
600142524,Mus%Hs%17165/2,https://data.onb.ac.at/dtl/9079202,https
600142524,Mus%Hs%17165/3,https://data.onb.ac.at/dtl/9079548,https
600142524,Mus%Hs%17165/4,https://data.onb.ac.at/dtl/9079650,https
600142524,Mus%Hs%17165/5,https://data.onb.ac.at/dtl/9079064,https
600142483,Mus%Hs%17141/1,https://data.onb.ac.at/dtl/8461710,https
600142483,Mus%Hs%17141/2,https://data.onb.ac.at/dtl/8461840,https
600142483,Mus%Hs%17141/3,https://data.onb.ac.at/dtl/8462360,https
600142483,Mus%Hs%17141/4,https://data.onb.ac.at/dtl/8462116,https
600142437,Mus%Hs%18206/1,https://data.onb.ac.at/dtl/6434423,https
600142437,Mus%Hs%18206/2,https://data.onb.ac.at/dtl/6434097,https
600142437,Mus%Hs%18206/3,https://data.onb.ac.at/dtl/6435736,https
600142437,Mus%Hs%18206/4,https://data.onb.ac.at/dtl/6436138,https
600142401,Mus%Hs%17145/1,https://data.onb.ac.at/dtl/7543559,https
600142401,Mus%Hs%17145/2,https://data.onb.ac.at/dtl/7543853,https
600142401,Mus%Hs%17145/3,https://data.onb.ac.at/dtl/7540631,https
600142401,Mus%Hs%17145/4,https://data.onb.ac.at/dtl/7541023,https
600142423,Mus%Hs%17123,https://data.onb.ac.at/rep/131FC3F6,new_tag
600142619,Mus%Hs%17117,https://data.onb.ac.at/rep/131FC3F4,new_tag
600142587,Mus%Hs%18141,https://data.onb.ac.at/rep/13207F32,new_tag
600142559,Mus%Hs%17160/1,https://data.onb.ac.at/dtl/6335212,https
600142559,Mus%Hs%17160/2,https://data.onb.ac.at/dtl/6335534,https
600142559,Mus%Hs%17160/3,https://data.onb.ac.at/dtl/6331525,https
600142559,Mus%Hs%17160/4,https://data.onb.ac.at/dtl/6335393,https
600142575,Mus%Hs%17090/1,https://data.onb.ac.at/dtl/6130176,https
600142575,Mus%Hs%17090/2,https://data.onb.ac.at/dtl/6129557,https
600142575,Mus%Hs%17090/3,https://data.onb.ac.at/dtl/6130368,https
600142575,Mus%Hs%17090/4,https://data.onb.ac.at/dtl/6129618,https
0,Mus%Hs%17167/1,https://data.onb.ac.at/rep/131ABE7C,probably_new_tag
0,Mus%Hs%17167/2,https://data.onb.ac.at/rep/131ABE7D,probably_new_tag
0,Mus%Hs%17167/3,https://data.onb.ac.at/rep/131ABE7E,probably_new_tag
0,Mus%Hs%17167/4,https://data.onb.ac.at/rep/131ABE7F,probably_new_tag
600142515,Mus%Hs%17070,https://data.onb.ac.at/rep/131FC4D4,new_tag
0,Mus%Hs%18094/1,https://data.onb.ac.at/rep/131ABE68,probably_new_tag
0,Mus%Hs%18094/2,https://data.onb.ac.at/rep/131ABE69,probably_new_tag
0,Mus%Hs%18094/3,https://data.onb.ac.at/rep/131ABE6A,probably_new_tag
0,Mus%Hs%18094/4,https://data.onb.ac.at/rep/131ABE6B,probably_new_tag
0,Mus%Hs%18229/1,https://data.onb.ac.at/rep/131ABCF4,probably_new_tag
0,Mus%Hs%18229/2,https://data.onb.ac.at/rep/131ABCF5,probably_new_tag
0,Mus%Hs%18229/3,https://data.onb.ac.at/rep/131ABCF6,probably_new_tag
0,Mus%Hs%18229/4,https://data.onb.ac.at/rep/131ABCF7,probably_new_tag
