Link,1,852$a,593$a,856$u,856$z,856$x
https://muscat.rism.info/admin/sources/553013070/edit,553013070,CZ-Bu,Manuscript copy,http://imageserver.mzk.cz/mzk01/000/325/452/2619864026,Titulní list (klikněte pro zobrazení),Other
https://muscat.rism.info/admin/sources/553013084/edit,553013084,CZ-Bu,Manuscript copy,http://imageserver.mzk.cz/mzk01/000/361/736/2619807462,Titulní list (klikněte pro zobrazení),Other
https://muscat.rism.info/admin/sources/553013094/edit,553013094,CZ-Bu,Manuscript copy,http://imageserver.mzk.cz/mzk01/000/381/164/2619817060,Titulní list (klikněte pro zobrazení),Other
https://muscat.rism.info/admin/sources/553013097/edit,553013097,CZ-Bu,Manuscript copy,http://imageserver.mzk.cz/mzk01/000/400/778/2619803637,Titulní list (klikněte pro zobrazení),Other
https://muscat.rism.info/admin/sources/553013101/edit,553013101,CZ-Bu,Manuscript copy,http://imageserver.mzk.cz/mzk01/000/414/492/2619770822,Titulní list (klikněte pro zobrazení),Other
https://muscat.rism.info/admin/sources/553013102/edit,553013102,CZ-Bu,Manuscript copy,http://imageserver.mzk.cz/mzk01/000/414/493/2619770823,Titulní list (klikněte pro zobrazení),Other
https://muscat.rism.info/admin/sources/553013103/edit,553013103,CZ-Bu,Manuscript copy,http://imageserver.mzk.cz/mzk01/000/414/494/2619770824,Titulní list (klikněte pro zobrazení),Other
https://muscat.rism.info/admin/sources/553013104/edit,553013104,CZ-Bu,Manuscript copy,http://imageserver.mzk.cz/mzk01/000/414/495/2619770825,Titulní list (klikněte pro zobrazení),Other
https://muscat.rism.info/admin/sources/553013113/edit,553013113,CZ-Bu,Manuscript copy,http://imageserver.mzk.cz/mzk01/000/451/367/2619768928,Titulní list (klikněte pro zobrazení),Other
https://muscat.rism.info/admin/sources/553013114/edit,553013114,CZ-Bu,Manuscript copy,http://imageserver.mzk.cz/mzk01/000/451/842/2619760267,Titulní list (klikněte pro zobrazení),Other
https://muscat.rism.info/admin/sources/553013120/edit,553013120,CZ-Bu,Manuscript copy,http://imageserver.mzk.cz/mzk01/000/479/728/2619746774,Titulní list (klikněte pro zobrazení),Other
https://muscat.rism.info/admin/sources/553013121/edit,553013121,CZ-Bu,Manuscript copy,http://imageserver.mzk.cz/mzk01/000/482/181/2619760594,Titulní list (klikněte pro zobrazení),Other
https://muscat.rism.info/admin/sources/553013124/edit,553013124,CZ-Bu,Manuscript copy,http://imageserver.mzk.cz/mzk01/000/540/348/2619731025,Titulní list (klikněte pro zobrazení),Other
https://muscat.rism.info/admin/sources/553013133/edit,553013133,CZ-Bu,Manuscript copy,http://imageserver.mzk.cz/mzk01/000/564/325/2619731609,Titulní list (klikněte pro zobrazení),Other
https://muscat.rism.info/admin/sources/553013137/edit,553013137,CZ-Bu,Manuscript copy,http://imageserver.mzk.cz/mzk01/000/585/544/2619728284,Titulní list (klikněte pro zobrazení),Other
https://muscat.rism.info/admin/sources/553013144/edit,553013144,CZ-Bu,Manuscript copy,http://imageserver.mzk.cz/mzk01/000/601/924/2619728653,Titulní list (klikněte pro zobrazení),Other
https://muscat.rism.info/admin/sources/553013146/edit,553013146,CZ-Bu,Manuscript copy,http://imageserver.mzk.cz/mzk01/000/609/119/2619690597,Titulní list (klikněte pro zobrazení),Other
https://muscat.rism.info/admin/sources/553013989/edit,553013989,CZ-Bu,Autograph manuscript,http://imageserver.mzk.cz/mzk01/000/944/657/2619270504_2,Titulní list (klikněte pro zobrazení),Other
https://muscat.rism.info/admin/sources/553014469/edit,553014469,CZ-Bu,Manuscript copy,http://imageserver.mzk.cz/mzk01/001/200/117/2619608198,Titulní list (klikněte pro zobrazení),Other
https://muscat.rism.info/admin/sources/553014481/edit,553014481,CZ-Bu,Manuscript copy,http://imageserver.mzk.cz/mzk01/001/233/551/2619480749,Titulní list (klikněte pro zobrazení),Other
https://muscat.rism.info/admin/sources/553014485/edit,553014485,CZ-Bu,Manuscript copy,http://imageserver.mzk.cz/mzk01/001/233/585/2619480750,Titulní list (klikněte pro zobrazení),Other
https://muscat.rism.info/admin/sources/553014486/edit,553014486,CZ-Bu,Manuscript copy,http://imageserver.mzk.cz/mzk01/001/233/607/2619480747,Titulní list (klikněte pro zobrazení),Other
https://muscat.rism.info/admin/sources/553014487/edit,553014487,CZ-Bu,Manuscript copy,http://imageserver.mzk.cz/mzk01/001/233/725/2619480746,Titulní list (klikněte pro zobrazení),Other
https://muscat.rism.info/admin/sources/553014488/edit,553014488,CZ-Bu,Manuscript copy,http://imageserver.mzk.cz/mzk01/001/233/732/2619480745,Titulní list (klikněte pro zobrazení),Other
https://muscat.rism.info/admin/sources/553014489/edit,553014489,CZ-Bu,Manuscript copy,http://imageserver.mzk.cz/mzk01/001/233/737/2619480744,Titulní list (klikněte pro zobrazení),Other
https://muscat.rism.info/admin/sources/553014490/edit,553014490,CZ-Bu,Autograph manuscript,http://imageserver.mzk.cz/mzk01/001/233/801/2619480742,Titulní list (klikněte pro zobrazení),Other
https://muscat.rism.info/admin/sources/553014491/edit,553014491,CZ-Bu,Manuscript copy,http://imageserver.mzk.cz/mzk01/001/233/807/2619480741,Titulní list (klikněte pro zobrazení),Other
https://muscat.rism.info/admin/sources/553014492/edit,553014492,CZ-Bu,Manuscript copy,http://imageserver.mzk.cz/mzk01/001/233/816/2619480740,Titulní list (klikněte pro zobrazení),Other
https://muscat.rism.info/admin/sources/553014493/edit,553014493,CZ-Bu,Autograph manuscript,http://imageserver.mzk.cz/mzk01/001/233/820/2619480739,Titulní list (klikněte pro zobrazení),Other
https://muscat.rism.info/admin/sources/553014494/edit,553014494,CZ-Bu,Manuscript copy,http://imageserver.mzk.cz/mzk01/001/233/826/2619480738,Titulní list (klikněte pro zobrazení),Other
https://muscat.rism.info/admin/sources/553014495/edit,553014495,CZ-Bu,Manuscript copy,http://imageserver.mzk.cz/mzk01/001/233/844/2619480737,Titulní list (klikněte pro zobrazení),Other
https://muscat.rism.info/admin/sources/553014496/edit,553014496,CZ-Bu,Manuscript copy,http://imageserver.mzk.cz/mzk01/001/233/848/2619480736,Titulní list (klikněte pro zobrazení),Other
https://muscat.rism.info/admin/sources/553014498/edit,553014498,CZ-Bu,Manuscript copy,http://imageserver.mzk.cz/mzk01/001/233/871/2619480743,Titulní list (klikněte pro zobrazení),Other
https://muscat.rism.info/admin/sources/553014499/edit,553014499,CZ-Bu,Manuscript copy,http://imageserver.mzk.cz/mzk01/001/233/983/2619480716,Titulní list (klikněte pro zobrazení),Other
https://muscat.rism.info/admin/sources/553014500/edit,553014500,CZ-Bu,Manuscript copy,http://imageserver.mzk.cz/mzk01/001/234/004/2619480715,Titulní list (klikněte pro zobrazení),Other
https://muscat.rism.info/admin/sources/553014501/edit,553014501,CZ-Bu,Manuscript copy,http://imageserver.mzk.cz/mzk01/001/234/011/2619480714,Titulní list (klikněte pro zobrazení),Other
https://muscat.rism.info/admin/sources/553014502/edit,553014502,CZ-Bu,Manuscript copy,http://imageserver.mzk.cz/mzk01/001/234/027/2619480713,Titulní list (klikněte pro zobrazení),Other
https://muscat.rism.info/admin/sources/553014503/edit,553014503,CZ-Bu,Manuscript copy,http://imageserver.mzk.cz/mzk01/001/234/037/2619480712,Titulní list (klikněte pro zobrazení),Other
https://muscat.rism.info/admin/sources/553014504/edit,553014504,CZ-Bu,Manuscript copy,http://imageserver.mzk.cz/mzk01/001/234/064/2619480711,Titulní list (klikněte pro zobrazení),Other
https://muscat.rism.info/admin/sources/553014509/edit,553014509,CZ-Bu,Manuscript copy,http://imageserver.mzk.cz/mzk01/001/234/136/2619480706,Titulní list (klikněte pro zobrazení),Other
https://muscat.rism.info/admin/sources/553014513/edit,553014513,CZ-Bu,Manuscript copy,http://imageserver.mzk.cz/mzk01/001/234/231/2619480697,Titulní list (klikněte pro zobrazení),Other
https://muscat.rism.info/admin/sources/553014514/edit,553014514,CZ-Bu,Manuscript copy,http://imageserver.mzk.cz/mzk01/001/234/264/2619480696,Titulní list (klikněte pro zobrazení),Other
https://muscat.rism.info/admin/sources/553014515/edit,553014515,CZ-Bu,Manuscript copy,http://imageserver.mzk.cz/mzk01/001/234/329/2619480695,Titulní list (klikněte pro zobrazení),Other
https://muscat.rism.info/admin/sources/553014516/edit,553014516,CZ-Bu,Autograph manuscript,http://imageserver.mzk.cz/mzk01/001/234/340/2619480694,Titulní list (klikněte pro zobrazení),Other
https://muscat.rism.info/admin/sources/553014518/edit,553014518,CZ-Bu,Manuscript copy,http://imageserver.mzk.cz/mzk01/001/234/371/2619480692,Titulní list (klikněte pro zobrazení),Other
https://muscat.rism.info/admin/sources/553014519/edit,553014519,CZ-Bu,Manuscript copy,http://imageserver.mzk.cz/mzk01/001/244/393/2619480552,Titulní list (klikněte pro zobrazení),Other
https://muscat.rism.info/admin/sources/553014524/edit,553014524,CZ-Bu,Autograph manuscript,http://imageserver.mzk.cz/mzk01/001/248/723/2619480610,Titulní list (klikněte pro zobrazení),Other
https://muscat.rism.info/admin/sources/553014525/edit,553014525,CZ-Bu,Autograph manuscript,http://imageserver.mzk.cz/mzk01/001/248/726/2619480609,Titulní list (klikněte pro zobrazení),Other
https://muscat.rism.info/admin/sources/553014527/edit,553014527,CZ-Bu,Autograph manuscript,http://imageserver.mzk.cz/mzk01/001/248/732/2619480607,Titulní list (klikněte pro zobrazení),Other
https://muscat.rism.info/admin/sources/553014528/edit,553014528,CZ-Bu,Autograph manuscript,http://imageserver.mzk.cz/mzk01/001/248/733/2619480606,Titulní list (klikněte pro zobrazení),Other
https://muscat.rism.info/admin/sources/553014530/edit,553014530,CZ-Bu,Autograph manuscript,http://imageserver.mzk.cz/mzk01/001/248/739/2619480604,Titulní list (klikněte pro zobrazení),Other
https://muscat.rism.info/admin/sources/553014536/edit,553014536,CZ-Bu,Autograph manuscript,http://imageserver.mzk.cz/mzk01/001/248/753/2619480730,Titulní list (klikněte pro zobrazení),Other
https://muscat.rism.info/admin/sources/553014537/edit,553014537,CZ-Bu,Autograph manuscript,http://imageserver.mzk.cz/mzk01/001/248/758/2619480729,Titulní list (klikněte pro zobrazení),Other
https://muscat.rism.info/admin/sources/553014538/edit,553014538,CZ-Bu,Autograph manuscript,http://imageserver.mzk.cz/mzk01/001/248/761/2619480728,Titulní list (klikněte pro zobrazení),Other
https://muscat.rism.info/admin/sources/553014539/edit,553014539,CZ-Bu,Autograph manuscript,http://imageserver.mzk.cz/mzk01/001/248/767/2619480726,Titulní list (klikněte pro zobrazení),Other
https://muscat.rism.info/admin/sources/553014540/edit,553014540,CZ-Bu,Autograph manuscript,http://imageserver.mzk.cz/mzk01/001/248/769/2619480727,Titulní list (klikněte pro zobrazení),Other
https://muscat.rism.info/admin/sources/553014542/edit,553014542,CZ-Bu,Autograph manuscript,http://imageserver.mzk.cz/mzk01/001/248/773/2619480724,Titulní list (klikněte pro zobrazení),Other
https://muscat.rism.info/admin/sources/553014543/edit,553014543,CZ-Bu,Autograph manuscript,http://imageserver.mzk.cz/mzk01/001/248/774/2619480723,Titulní list (klikněte pro zobrazení),Other
https://muscat.rism.info/admin/sources/553014550/edit,553014550,CZ-Bu,Autograph manuscript,http://imageserver.mzk.cz/mzk01/001/249/754/2619480700,Titulní list (klikněte pro zobrazení),Other
https://muscat.rism.info/admin/sources/553014551/edit,553014551,CZ-Bu,Manuscript copy,http://imageserver.mzk.cz/mzk01/001/249/761/2619480699,Titulní list (klikněte pro zobrazení),Other
https://muscat.rism.info/admin/sources/553014553/edit,553014553,CZ-Bu,Manuscript copy,http://imageserver.mzk.cz/mzk01/001/249/783/2619480602,Titulní list (klikněte pro zobrazení),Other
https://muscat.rism.info/admin/sources/553014555/edit,553014555,CZ-Bu,Manuscript copy,http://imageserver.mzk.cz/mzk01/001/249/803/2619480600,Titulní list (klikněte pro zobrazení),Other
https://muscat.rism.info/admin/sources/553014557/edit,553014557,CZ-Bu,Manuscript copy,http://imageserver.mzk.cz/mzk01/001/249/877/2619480598,Titulní list (klikněte pro zobrazení),Other
https://muscat.rism.info/admin/sources/553014558/edit,553014558,CZ-Bu,Manuscript copy,http://imageserver.mzk.cz/mzk01/001/249/884/2619480597,Titulní list (klikněte pro zobrazení),Other
https://muscat.rism.info/admin/sources/553014559/edit,553014559,CZ-Bu,Manuscript copy,http://imageserver.mzk.cz/mzk01/001/249/919/2619480718,Titulní list (klikněte pro zobrazení),Other
https://muscat.rism.info/admin/sources/553014560/edit,553014560,CZ-Bu,Manuscript copy,http://imageserver.mzk.cz/mzk01/001/250/009/2619480596,Titulní list (klikněte pro zobrazení),Other
https://muscat.rism.info/admin/sources/553014562/edit,553014562,CZ-Bu,Manuscript copy,http://imageserver.mzk.cz/mzk01/001/250/026/2619480594,Titulní list (klikněte pro zobrazení),Other
https://muscat.rism.info/admin/sources/553014563/edit,553014563,CZ-Bu,Manuscript copy,http://imageserver.mzk.cz/mzk01/001/250/032/2619480593,Titulní list (klikněte pro zobrazení),Other
https://muscat.rism.info/admin/sources/553014564/edit,553014564,CZ-Bu,Manuscript copy,http://imageserver.mzk.cz/mzk01/001/250/037/2619480592,Titulní list (klikněte pro zobrazení),Other
https://muscat.rism.info/admin/sources/553014565/edit,553014565,CZ-Bu,Manuscript copy,http://imageserver.mzk.cz/mzk01/001/250/062/2619480591,Titulní list (klikněte pro zobrazení),Other
https://muscat.rism.info/admin/sources/553014566/edit,553014566,CZ-Bu,Manuscript copy,http://imageserver.mzk.cz/mzk01/001/250/068/2619480590,Titulní list (klikněte pro zobrazení),Other
https://muscat.rism.info/admin/sources/553014567/edit,553014567,CZ-Bu,Autograph manuscript,http://imageserver.mzk.cz/mzk01/001/250/073/2619480589,Titulní list (klikněte pro zobrazení),Other
https://muscat.rism.info/admin/sources/553014568/edit,553014568,CZ-Bu,Manuscript copy,http://imageserver.mzk.cz/mzk01/001/250/076/2619480588,Titulní list (klikněte pro zobrazení),Other
https://muscat.rism.info/admin/sources/553014577/edit,553014577,CZ-Bu,Manuscript copy,http://imageserver.mzk.cz/mzk01/001/250/109/2619480579,Titulní list (klikněte pro zobrazení),Other
https://muscat.rism.info/admin/sources/553014582/edit,553014582,CZ-Bu,Manuscript copy,http://imageserver.mzk.cz/mzk01/001/253/940/2619480574,Titulní list (klikněte pro zobrazení),Other
https://muscat.rism.info/admin/sources/553014583/edit,553014583,CZ-Bu,Manuscript copy,http://imageserver.mzk.cz/mzk01/001/253/945/2619480573,Titulní list (klikněte pro zobrazení),Other
https://muscat.rism.info/admin/sources/553014584/edit,553014584,CZ-Bu,Manuscript copy,http://imageserver.mzk.cz/mzk01/001/253/951/2619480572,Titulní list (klikněte pro zobrazení),Other
https://muscat.rism.info/admin/sources/553014585/edit,553014585,CZ-Bu,Manuscript copy,http://imageserver.mzk.cz/mzk01/001/253/956/2619480571,Titulní list (klikněte pro zobrazení),Other
https://muscat.rism.info/admin/sources/553014586/edit,553014586,CZ-Bu,Manuscript copy,http://imageserver.mzk.cz/mzk01/001/253/978/2619480570,Titulní list (klikněte pro zobrazení),Other
https://muscat.rism.info/admin/sources/553014587/edit,553014587,CZ-Bu,Manuscript copy,http://imageserver.mzk.cz/mzk01/001/253/994/2619480569,Titulní list (klikněte pro zobrazení),Other
https://muscat.rism.info/admin/sources/553014588/edit,553014588,CZ-Bu,Manuscript copy,http://imageserver.mzk.cz/mzk01/001/254/001/2619480568,Titulní list (klikněte pro zobrazení),Other
https://muscat.rism.info/admin/sources/553014589/edit,553014589,CZ-Bu,Manuscript copy,http://imageserver.mzk.cz/mzk01/001/254/008/2619480567,Titulní list (klikněte pro zobrazení),Other
https://muscat.rism.info/admin/sources/553014590/edit,553014590,CZ-Bu,Manuscript copy,http://imageserver.mzk.cz/mzk01/001/254/023/2619480717,Titulní list (klikněte pro zobrazení),Other
https://muscat.rism.info/admin/sources/553014592/edit,553014592,CZ-Bu,Manuscript copy,http://imageserver.mzk.cz/mzk01/001/254/054/2619480565,Titulní list (klikněte pro zobrazení),Other
https://muscat.rism.info/admin/sources/553014593/edit,553014593,CZ-Bu,Manuscript copy,http://imageserver.mzk.cz/mzk01/001/254/057/2619480564,Titulní list (klikněte pro zobrazení),Other
https://muscat.rism.info/admin/sources/553014594/edit,553014594,CZ-Bu,Manuscript copy,http://imageserver.mzk.cz/mzk01/001/254/058/2619480563,Titulní list (klikněte pro zobrazení),Other
https://muscat.rism.info/admin/sources/553014596/edit,553014596,CZ-Bu,Autograph manuscript,http://imageserver.mzk.cz/mzk01/001/254/093/2619480559,Titulní list (klikněte pro zobrazení),Other
https://muscat.rism.info/admin/sources/553014597/edit,553014597,CZ-Bu,Manuscript copy,http://imageserver.mzk.cz/mzk01/001/254/098/2619480558,Titulní list (klikněte pro zobrazení),Other
https://muscat.rism.info/admin/sources/553014598/edit,553014598,CZ-Bu,Manuscript copy,http://imageserver.mzk.cz/mzk01/001/254/104/2619480557,Titulní list (klikněte pro zobrazení),Other
https://muscat.rism.info/admin/sources/553014599/edit,553014599,CZ-Bu,Manuscript copy,http://imageserver.mzk.cz/mzk01/001/254/113/2619480556,Titulní list (klikněte pro zobrazení),Other
https://muscat.rism.info/admin/sources/553014600/edit,553014600,CZ-Bu,Manuscript copy,http://imageserver.mzk.cz/mzk01/001/254/117/2619480555,Titulní list (klikněte pro zobrazení),Other
https://muscat.rism.info/admin/sources/553014601/edit,553014601,CZ-Bu,Manuscript copy,http://imageserver.mzk.cz/mzk01/001/254/121/2619480554,Titulní list (klikněte pro zobrazení),Other
https://muscat.rism.info/admin/sources/553014602/edit,553014602,CZ-Bu,Autograph manuscript,http://imageserver.mzk.cz/mzk01/001/254/128/2619480553,Titulní list (klikněte pro zobrazení),Other
https://muscat.rism.info/admin/sources/553014603/edit,553014603,CZ-Bu,Manuscript copy,http://imageserver.mzk.cz/mzk01/001/254/203/2619480516,Titulní list (klikněte pro zobrazení),Other
https://muscat.rism.info/admin/sources/553014604/edit,553014604,CZ-Bu,Manuscript copy,http://imageserver.mzk.cz/mzk01/001/254/208/2619480515,Titulní list (klikněte pro zobrazení),Other
https://muscat.rism.info/admin/sources/553014605/edit,553014605,CZ-Bu,Manuscript copy,http://imageserver.mzk.cz/mzk01/001/254/236/2619480514,Titulní list (klikněte pro zobrazení),Other
https://muscat.rism.info/admin/sources/553014606/edit,553014606,CZ-Bu,Manuscript copy,http://imageserver.mzk.cz/mzk01/001/254/237/2619480513,Titulní list (klikněte pro zobrazení),Other
https://muscat.rism.info/admin/sources/553014607/edit,553014607,CZ-Bu,Manuscript copy,http://imageserver.mzk.cz/mzk01/001/254/241/2619480512,Titulní list (klikněte pro zobrazení),Other
https://muscat.rism.info/admin/sources/553014608/edit,553014608,CZ-Bu,Manuscript copy,http://imageserver.mzk.cz/mzk01/001/254/243/2619480511,Titulní list (klikněte pro zobrazení),Other
https://muscat.rism.info/admin/sources/553014609/edit,553014609,CZ-Bu,Manuscript copy,http://imageserver.mzk.cz/mzk01/001/254/249/2619480510,Titulní list (klikněte pro zobrazení),Other
https://muscat.rism.info/admin/sources/553014610/edit,553014610,CZ-Bu,Manuscript copy,http://imageserver.mzk.cz/mzk01/001/254/286/2619480551,Titulní list (klikněte pro zobrazení),Other
https://muscat.rism.info/admin/sources/553014612/edit,553014612,CZ-Bu,Manuscript copy,http://imageserver.mzk.cz/mzk01/001/254/294/2619480509,Titulní list (klikněte pro zobrazení),Other
https://muscat.rism.info/admin/sources/553014613/edit,553014613,CZ-Bu,Manuscript copy,http://imageserver.mzk.cz/mzk01/001/254/298/2619480508,Titulní list (klikněte pro zobrazení),Other
https://muscat.rism.info/admin/sources/553014614/edit,553014614,CZ-Bu,Manuscript copy,http://imageserver.mzk.cz/mzk01/001/254/303/2619480507,Titulní list (klikněte pro zobrazení),Other
https://muscat.rism.info/admin/sources/553014615/edit,553014615,CZ-Bu,Manuscript copy,http://imageserver.mzk.cz/mzk01/001/254/306/2619480506,Titulní list (klikněte pro zobrazení),Other
https://muscat.rism.info/admin/sources/553014616/edit,553014616,CZ-Bu,Manuscript copy,http://imageserver.mzk.cz/mzk01/001/254/308/2619480505,Titulní list (klikněte pro zobrazení),Other
https://muscat.rism.info/admin/sources/553014619/edit,553014619,CZ-Bu,Manuscript copy,http://imageserver.mzk.cz/mzk01/001/254/315/2619480501,Titulní list (klikněte pro zobrazení),Other
https://muscat.rism.info/admin/sources/553014620/edit,553014620,CZ-Bu,Manuscript copy,http://imageserver.mzk.cz/mzk01/001/254/319/2619480500,Titulní list (klikněte pro zobrazení),Other
https://muscat.rism.info/admin/sources/553014621/edit,553014621,CZ-Bu,Manuscript copy,http://imageserver.mzk.cz/mzk01/001/254/322/2619480499,Titulní list (klikněte pro zobrazení),Other
https://muscat.rism.info/admin/sources/553014622/edit,553014622,CZ-Bu,Manuscript copy,http://imageserver.mzk.cz/mzk01/001/254/324/2619480498,Titulní list (klikněte pro zobrazení),Other
https://muscat.rism.info/admin/sources/553014623/edit,553014623,CZ-Bu,Manuscript copy,http://imageserver.mzk.cz/mzk01/001/254/327/2619480497,Titulní list (klikněte pro zobrazení),Other
https://muscat.rism.info/admin/sources/553014624/edit,553014624,CZ-Bu,Manuscript copy,http://imageserver.mzk.cz/mzk01/001/254/329/2619480496,Titulní list (klikněte pro zobrazení),Other
https://muscat.rism.info/admin/sources/553014625/edit,553014625,CZ-Bu,Manuscript copy,http://imageserver.mzk.cz/mzk01/001/254/330/2619480495,Titulní list (klikněte pro zobrazení),Other
https://muscat.rism.info/admin/sources/553014626/edit,553014626,CZ-Bu,Manuscript copy,http://imageserver.mzk.cz/mzk01/001/254/331/2619480494,Titulní list (klikněte pro zobrazení),Other
https://muscat.rism.info/admin/sources/553014627/edit,553014627,CZ-Bu,Manuscript copy,http://imageserver.mzk.cz/mzk01/001/254/458/2619480492,Titulní list (klikněte pro zobrazení),Other
https://muscat.rism.info/admin/sources/553014628/edit,553014628,CZ-Bu,Manuscript copy,http://imageserver.mzk.cz/mzk01/001/254/460/2619480491,Titulní list (klikněte pro zobrazení),Other
https://muscat.rism.info/admin/sources/553014629/edit,553014629,CZ-Bu,Manuscript copy,http://imageserver.mzk.cz/mzk01/001/254/468/2619480452,Titulní list (klikněte pro zobrazení),Other
https://muscat.rism.info/admin/sources/553014630/edit,553014630,CZ-Bu,Manuscript copy,http://imageserver.mzk.cz/mzk01/001/254/478/2619480490,Titulní list (klikněte pro zobrazení),Other
https://muscat.rism.info/admin/sources/553014631/edit,553014631,CZ-Bu,Manuscript copy,http://imageserver.mzk.cz/mzk01/001/254/482/2619480489,Titulní list (klikněte pro zobrazení),Other
https://muscat.rism.info/admin/sources/553014632/edit,553014632,CZ-Bu,Manuscript copy,http://imageserver.mzk.cz/mzk01/001/254/485/2619480488,Titulní list (klikněte pro zobrazení),Other
https://muscat.rism.info/admin/sources/553014634/edit,553014634,CZ-Bu,Manuscript copy,http://imageserver.mzk.cz/mzk01/001/254/492/2619480486,Titulní list (klikněte pro zobrazení),Other
https://muscat.rism.info/admin/sources/553014635/edit,553014635,CZ-Bu,Manuscript copy,http://imageserver.mzk.cz/mzk01/001/254/494/2619480485,Titulní list (klikněte pro zobrazení),Other
https://muscat.rism.info/admin/sources/553014636/edit,553014636,CZ-Bu,Manuscript copy,http://imageserver.mzk.cz/mzk01/001/254/499/2610537313,Titulní list (klikněte pro zobrazení),Other
https://muscat.rism.info/admin/sources/553014637/edit,553014637,CZ-Bu,Manuscript copy,http://imageserver.mzk.cz/mzk01/001/254/501/2619480484,Titulní list (klikněte pro zobrazení),Other
https://muscat.rism.info/admin/sources/553014638/edit,553014638,CZ-Bu,Manuscript copy,http://imageserver.mzk.cz/mzk01/001/254/502/2619480483,Titulní list (klikněte pro zobrazení),Other
https://muscat.rism.info/admin/sources/553014639/edit,553014639,CZ-Bu,Manuscript copy,http://imageserver.mzk.cz/mzk01/001/254/505/2619480482,Titulní list (klikněte pro zobrazení),Other
https://muscat.rism.info/admin/sources/553014640/edit,553014640,CZ-Bu,Manuscript copy,http://imageserver.mzk.cz/mzk01/001/254/507/2619480481,Titulní list (klikněte pro zobrazení),Other
https://muscat.rism.info/admin/sources/553014641/edit,553014641,CZ-Bu,Manuscript copy,http://imageserver.mzk.cz/mzk01/001/254/511/2619480480,Titulní list (klikněte pro zobrazení),Other
https://muscat.rism.info/admin/sources/553014642/edit,553014642,CZ-Bu,Manuscript copy,http://imageserver.mzk.cz/mzk01/001/254/550/2619480479,Titulní list (klikněte pro zobrazení),Other
https://muscat.rism.info/admin/sources/553014643/edit,553014643,CZ-Bu,Manuscript copy,http://imageserver.mzk.cz/mzk01/001/254/553/2619480478,Titulní list (klikněte pro zobrazení),Other
https://muscat.rism.info/admin/sources/553014644/edit,553014644,CZ-Bu,Manuscript copy,http://imageserver.mzk.cz/mzk01/001/254/557/2619480477,Titulní list (klikněte pro zobrazení),Other
https://muscat.rism.info/admin/sources/553014645/edit,553014645,CZ-Bu,Manuscript copy,http://imageserver.mzk.cz/mzk01/001/254/560/2619480476,Titulní list (klikněte pro zobrazení),Other
https://muscat.rism.info/admin/sources/553014646/edit,553014646,CZ-Bu,Manuscript copy,http://imageserver.mzk.cz/mzk01/001/254/563/2619480475,Titulní list (klikněte pro zobrazení),Other
https://muscat.rism.info/admin/sources/553014647/edit,553014647,CZ-Bu,Manuscript copy,http://imageserver.mzk.cz/mzk01/001/254/574/2619480474,Titulní list (klikněte pro zobrazení),Other
https://muscat.rism.info/admin/sources/553014648/edit,553014648,CZ-Bu,Manuscript copy,http://imageserver.mzk.cz/mzk01/001/254/575/2619480473,Titulní list (klikněte pro zobrazení),Other
https://muscat.rism.info/admin/sources/553014649/edit,553014649,CZ-Bu,Manuscript copy,http://imageserver.mzk.cz/mzk01/001/254/579/2619480472,Titulní list (klikněte pro zobrazení),Other
https://muscat.rism.info/admin/sources/553014650/edit,553014650,CZ-Bu,Manuscript copy,http://imageserver.mzk.cz/mzk01/001/254/580/2619480471,Titulní list (klikněte pro zobrazení),Other
https://muscat.rism.info/admin/sources/553014651/edit,553014651,CZ-Bu,Manuscript copy,http://imageserver.mzk.cz/mzk01/001/254/584/2619480470,Titulní list (klikněte pro zobrazení),Other
https://muscat.rism.info/admin/sources/553014655/edit,553014655,CZ-Bu,Manuscript copy,http://imageserver.mzk.cz/mzk01/001/254/595/2619480466,Titulní list (klikněte pro zobrazení),Other
https://muscat.rism.info/admin/sources/553014656/edit,553014656,CZ-Bu,Manuscript copy,http://imageserver.mzk.cz/mzk01/001/254/597/2619480465,Titulní list (klikněte pro zobrazení),Other
https://muscat.rism.info/admin/sources/553014657/edit,553014657,CZ-Bu,Manuscript copy,http://imageserver.mzk.cz/mzk01/001/254/598/2619480464,Titulní list (klikněte pro zobrazení),Other
https://muscat.rism.info/admin/sources/553014658/edit,553014658,CZ-Bu,Manuscript copy,http://imageserver.mzk.cz/mzk01/001/254/600/2619480463,Titulní list (klikněte pro zobrazení),Other
https://muscat.rism.info/admin/sources/553014659/edit,553014659,CZ-Bu,Manuscript copy,http://imageserver.mzk.cz/mzk01/001/254/602/2619480462,Titulní list (klikněte pro zobrazení),Other
https://muscat.rism.info/admin/sources/553014660/edit,553014660,CZ-Bu,Manuscript copy,http://imageserver.mzk.cz/mzk01/001/254/603/2619480461,Titulní list (klikněte pro zobrazení),Other
https://muscat.rism.info/admin/sources/553014661/edit,553014661,CZ-Bu,Manuscript copy,http://imageserver.mzk.cz/mzk01/001/254/606/2619480460,Titulní list (klikněte pro zobrazení),Other
https://muscat.rism.info/admin/sources/553014664/edit,553014664,CZ-Bu,Manuscript copy,http://imageserver.mzk.cz/mzk01/001/254/623/2619480453,Titulní list (klikněte pro zobrazení),Other
https://muscat.rism.info/admin/sources/553014665/edit,553014665,CZ-Bu,Manuscript copy,http://imageserver.mzk.cz/mzk01/001/254/626/2619480451,Titulní list (klikněte pro zobrazení),Other
https://muscat.rism.info/admin/sources/553014666/edit,553014666,CZ-Bu,Manuscript copy,http://imageserver.mzk.cz/mzk01/001/254/632/2619480450,Titulní list (klikněte pro zobrazení),Other
https://muscat.rism.info/admin/sources/553014667/edit,553014667,CZ-Bu,Manuscript copy,http://imageserver.mzk.cz/mzk01/001/254/634/2619480449,Titulní list (klikněte pro zobrazení),Other
https://muscat.rism.info/admin/sources/553014668/edit,553014668,CZ-Bu,Manuscript copy,http://imageserver.mzk.cz/mzk01/001/254/638/2619480447,Titulní list (klikněte pro zobrazení),Other
https://muscat.rism.info/admin/sources/553014669/edit,553014669,CZ-Bu,Manuscript copy,http://imageserver.mzk.cz/mzk01/001/254/643/2619480446,Titulní list (klikněte pro zobrazení),Other
https://muscat.rism.info/admin/sources/553014670/edit,553014670,CZ-Bu,Manuscript copy,http://imageserver.mzk.cz/mzk01/001/254/673/2619480445,Titulní list (klikněte pro zobrazení),Other
https://muscat.rism.info/admin/sources/553014671/edit,553014671,CZ-Bu,Manuscript copy,http://imageserver.mzk.cz/mzk01/001/254/678/2619480444,Titulní list (klikněte pro zobrazení),Other
https://muscat.rism.info/admin/sources/553014672/edit,553014672,CZ-Bu,Manuscript copy,http://imageserver.mzk.cz/mzk01/001/254/680/2619480443,Titulní list (klikněte pro zobrazení),Other
https://muscat.rism.info/admin/sources/553014673/edit,553014673,CZ-Bu,Manuscript copy,http://imageserver.mzk.cz/mzk01/001/254/946/2619480442,Titulní list (klikněte pro zobrazení),Other
https://muscat.rism.info/admin/sources/553014674/edit,553014674,CZ-Bu,Manuscript copy,http://imageserver.mzk.cz/mzk01/001/254/949/2619480441,Titulní list (klikněte pro zobrazení),Other
https://muscat.rism.info/admin/sources/553014675/edit,553014675,CZ-Bu,Manuscript copy,http://imageserver.mzk.cz/mzk01/001/254/954/2619480440,Titulní list (klikněte pro zobrazení),Other
https://muscat.rism.info/admin/sources/553014676/edit,553014676,CZ-Bu,Manuscript copy,http://imageserver.mzk.cz/mzk01/001/254/958/2619480439,Titulní list (klikněte pro zobrazení),Other
https://muscat.rism.info/admin/sources/553014677/edit,553014677,CZ-Bu,Manuscript copy,http://imageserver.mzk.cz/mzk01/001/254/960/2619480438,Titulní list (klikněte pro zobrazení),Other
https://muscat.rism.info/admin/sources/553014680/edit,553014680,CZ-Bu,Manuscript copy,http://imageserver.mzk.cz/mzk01/001/254/968/2619480435,Titulní list (klikněte pro zobrazení),Other
https://muscat.rism.info/admin/sources/553014681/edit,553014681,CZ-Bu,Manuscript copy,http://imageserver.mzk.cz/mzk01/001/254/970/2619480434,Titulní list (klikněte pro zobrazení),Other
https://muscat.rism.info/admin/sources/553014684/edit,553014684,CZ-Bu,Manuscript copy,http://imageserver.mzk.cz/mzk01/001/254/986/2619480431,Titulní list (klikněte pro zobrazení),Other
https://muscat.rism.info/admin/sources/553014685/edit,553014685,CZ-Bu,Manuscript copy,http://imageserver.mzk.cz/mzk01/001/254/988/2619480430,Titulní list (klikněte pro zobrazení),Other
https://muscat.rism.info/admin/sources/553014686/edit,553014686,CZ-Bu,Manuscript copy,http://imageserver.mzk.cz/mzk01/001/254/992/2619480429,Titulní list (klikněte pro zobrazení),Other
https://muscat.rism.info/admin/sources/553014687/edit,553014687,CZ-Bu,Manuscript copy,http://imageserver.mzk.cz/mzk01/001/254/995/2619480428,Titulní list (klikněte pro zobrazení),Other
https://muscat.rism.info/admin/sources/553014688/edit,553014688,CZ-Bu,Manuscript copy,http://imageserver.mzk.cz/mzk01/001/255/000/2619480427,Titulní list (klikněte pro zobrazení),Other
https://muscat.rism.info/admin/sources/553014689/edit,553014689,CZ-Bu,Manuscript copy,http://imageserver.mzk.cz/mzk01/001/255/004/2619480426,Titulní list (klikněte pro zobrazení),Other
https://muscat.rism.info/admin/sources/553014690/edit,553014690,CZ-Bu,Manuscript copy,http://imageserver.mzk.cz/mzk01/001/255/006/2619480425,Titulní list (klikněte pro zobrazení),Other
https://muscat.rism.info/admin/sources/553014691/edit,553014691,CZ-Bu,Manuscript copy,http://imageserver.mzk.cz/mzk01/001/255/009/2619480424,Titulní list (klikněte pro zobrazení),Other
https://muscat.rism.info/admin/sources/553014694/edit,553014694,CZ-Bu,Manuscript copy,http://imageserver.mzk.cz/mzk01/001/255/022/2619480421,Titulní list (klikněte pro zobrazení),Other
https://muscat.rism.info/admin/sources/553014696/edit,553014696,CZ-Bu,Manuscript copy,http://imageserver.mzk.cz/mzk01/001/255/026/2619480419,Titulní list (klikněte pro zobrazení),Other
https://muscat.rism.info/admin/sources/553014697/edit,553014697,CZ-Bu,Manuscript copy,http://imageserver.mzk.cz/mzk01/001/255/028/2619480418,Titulní list (klikněte pro zobrazení),Other
https://muscat.rism.info/admin/sources/553014698/edit,553014698,CZ-Bu,Manuscript copy,http://imageserver.mzk.cz/mzk01/001/255/082/2619480417,Titulní list (klikněte pro zobrazení),Other
https://muscat.rism.info/admin/sources/553014699/edit,553014699,CZ-Bu,Manuscript copy,http://imageserver.mzk.cz/mzk01/001/255/084/2619480416,Titulní list (klikněte pro zobrazení),Other
https://muscat.rism.info/admin/sources/553014700/edit,553014700,CZ-Bu,Manuscript copy,http://imageserver.mzk.cz/mzk01/001/255/085/2619480415,Titulní list (klikněte pro zobrazení),Other
https://muscat.rism.info/admin/sources/553014701/edit,553014701,CZ-Bu,Manuscript copy,http://imageserver.mzk.cz/mzk01/001/255/087/2619480414,Titulní list (klikněte pro zobrazení),Other
https://muscat.rism.info/admin/sources/553014702/edit,553014702,CZ-Bu,Manuscript copy,http://imageserver.mzk.cz/mzk01/001/255/089/2619480413,Titulní list (klikněte pro zobrazení),Other
https://muscat.rism.info/admin/sources/553014703/edit,553014703,CZ-Bu,Manuscript copy,http://imageserver.mzk.cz/mzk01/001/255/107/2619480412,Titulní list (klikněte pro zobrazení),Other
https://muscat.rism.info/admin/sources/553014704/edit,553014704,CZ-Bu,Manuscript copy,http://imageserver.mzk.cz/mzk01/001/255/111/2619480411,Titulní list (klikněte pro zobrazení),Other
https://muscat.rism.info/admin/sources/553014705/edit,553014705,CZ-Bu,Manuscript copy,http://imageserver.mzk.cz/mzk01/001/255/116/2619480410,Titulní list (klikněte pro zobrazení),Other
https://muscat.rism.info/admin/sources/553014706/edit,553014706,CZ-Bu,Manuscript copy,http://imageserver.mzk.cz/mzk01/001/255/119/2619480409,Titulní list (klikněte pro zobrazení),Other
https://muscat.rism.info/admin/sources/553014707/edit,553014707,CZ-Bu,Manuscript copy,http://imageserver.mzk.cz/mzk01/001/255/123/2619480408,Titulní list (klikněte pro zobrazení),Other
https://muscat.rism.info/admin/sources/553014708/edit,553014708,CZ-Bu,Manuscript copy,http://imageserver.mzk.cz/mzk01/001/255/126/2619480407,Titulní list (klikněte pro zobrazení),Other
https://muscat.rism.info/admin/sources/553014709/edit,553014709,CZ-Bu,Manuscript copy,http://imageserver.mzk.cz/mzk01/001/255/139/2619480406,Titulní list (klikněte pro zobrazení),Other
https://muscat.rism.info/admin/sources/553014710/edit,553014710,CZ-Bu,Manuscript copy,http://imageserver.mzk.cz/mzk01/001/255/141/2619480405,Titulní list (klikněte pro zobrazení),Other
https://muscat.rism.info/admin/sources/553014711/edit,553014711,CZ-Bu,Manuscript copy,http://imageserver.mzk.cz/mzk01/001/255/147/2619480404,Titulní list (klikněte pro zobrazení),Other
https://muscat.rism.info/admin/sources/553014712/edit,553014712,CZ-Bu,Manuscript copy,http://imageserver.mzk.cz/mzk01/001/255/148/2619480403,Titulní list (klikněte pro zobrazení),Other
https://muscat.rism.info/admin/sources/553014714/edit,553014714,CZ-Bu,Manuscript copy,http://imageserver.mzk.cz/mzk01/001/255/161/2619480400,Titulní list (klikněte pro zobrazení),Other
https://muscat.rism.info/admin/sources/553014716/edit,553014716,CZ-Bu,Manuscript copy,http://imageserver.mzk.cz/mzk01/001/255/170/2619480398,Titulní list (klikněte pro zobrazení),Other
https://muscat.rism.info/admin/sources/553014717/edit,553014717,CZ-Bu,Manuscript copy,http://imageserver.mzk.cz/mzk01/001/255/182/2619480397,Titulní list (klikněte pro zobrazení),Other
https://muscat.rism.info/admin/sources/553014718/edit,553014718,CZ-Bu,Manuscript copy,http://imageserver.mzk.cz/mzk01/001/255/184/2619480396,Titulní list (klikněte pro zobrazení),Other
https://muscat.rism.info/admin/sources/553014719/edit,553014719,CZ-Bu,Manuscript copy,http://imageserver.mzk.cz/mzk01/001/255/185/2619480395,Titulní list (klikněte pro zobrazení),Other
https://muscat.rism.info/admin/sources/553014720/edit,553014720,CZ-Bu,Manuscript copy,http://imageserver.mzk.cz/mzk01/001/255/186/2619480394,Titulní list (klikněte pro zobrazení),Other
https://muscat.rism.info/admin/sources/553014721/edit,553014721,CZ-Bu,Manuscript copy,http://imageserver.mzk.cz/mzk01/001/255/187/2619480393,Titulní list (klikněte pro zobrazení),Other
https://muscat.rism.info/admin/sources/553014722/edit,553014722,CZ-Bu,Manuscript copy,http://imageserver.mzk.cz/mzk01/001/255/189/2619480392,Titulní list (klikněte pro zobrazení),Other
https://muscat.rism.info/admin/sources/553014723/edit,553014723,CZ-Bu,Manuscript copy,http://imageserver.mzk.cz/mzk01/001/255/191/2619480391,Titulní list (klikněte pro zobrazení),Other
https://muscat.rism.info/admin/sources/553014725/edit,553014725,CZ-Bu,Manuscript copy,http://imageserver.mzk.cz/mzk01/001/255/193/2619480389,Titulní list (klikněte pro zobrazení),Other
https://muscat.rism.info/admin/sources/553014726/edit,553014726,CZ-Bu,Manuscript copy,http://imageserver.mzk.cz/mzk01/001/255/195/2619480388,Titulní list (klikněte pro zobrazení),Other
https://muscat.rism.info/admin/sources/553014728/edit,553014728,CZ-Bu,Manuscript copy,http://imageserver.mzk.cz/mzk01/001/255/198/2619480387,Titulní list (klikněte pro zobrazení),Other
https://muscat.rism.info/admin/sources/553014729/edit,553014729,CZ-Bu,Manuscript copy,http://imageserver.mzk.cz/mzk01/001/255/384/2619480386,Titulní list (klikněte pro zobrazení),Other
https://muscat.rism.info/admin/sources/553014734/edit,553014734,CZ-Bu,Manuscript copy,http://imageserver.mzk.cz/mzk01/001/255/404/2619480381,Titulní list (klikněte pro zobrazení),Other
https://muscat.rism.info/admin/sources/553014736/edit,553014736,CZ-Bu,Manuscript copy,http://imageserver.mzk.cz/mzk01/001/255/415/2619480379,Titulní list (klikněte pro zobrazení),Other
https://muscat.rism.info/admin/sources/553014737/edit,553014737,CZ-Bu,Manuscript copy,http://imageserver.mzk.cz/mzk01/001/255/420/2619480377,Titulní list (klikněte pro zobrazení),Other
https://muscat.rism.info/admin/sources/553014738/edit,553014738,CZ-Bu,Manuscript copy,http://imageserver.mzk.cz/mzk01/001/255/433/2619480376,Titulní list (klikněte pro zobrazení),Other
https://muscat.rism.info/admin/sources/553014740/edit,553014740,CZ-Bu,Manuscript copy,http://imageserver.mzk.cz/mzk01/001/255/436/2619480374,Titulní list (klikněte pro zobrazení),Other
https://muscat.rism.info/admin/sources/553014742/edit,553014742,CZ-Bu,Manuscript copy,http://imageserver.mzk.cz/mzk01/001/255/440/2619480372,Titulní list (klikněte pro zobrazení),Other
https://muscat.rism.info/admin/sources/553014743/edit,553014743,CZ-Bu,Manuscript copy,http://imageserver.mzk.cz/mzk01/001/255/443/2619480371,Titulní list (klikněte pro zobrazení),Other
https://muscat.rism.info/admin/sources/553014744/edit,553014744,CZ-Bu,Manuscript copy,http://imageserver.mzk.cz/mzk01/001/255/444/2619480370,Titulní list (klikněte pro zobrazení),Other
https://muscat.rism.info/admin/sources/553014745/edit,553014745,CZ-Bu,Manuscript copy,http://imageserver.mzk.cz/mzk01/001/255/449/2619480369,Titulní list (klikněte pro zobrazení),Other
https://muscat.rism.info/admin/sources/553014746/edit,553014746,CZ-Bu,Manuscript copy,http://imageserver.mzk.cz/mzk01/001/255/466/2619480368,Titulní list (klikněte pro zobrazení),Other
https://muscat.rism.info/admin/sources/553014747/edit,553014747,CZ-Bu,Manuscript copy,http://imageserver.mzk.cz/mzk01/001/255/469/2619480367,Titulní list (klikněte pro zobrazení),Other
https://muscat.rism.info/admin/sources/553014748/edit,553014748,CZ-Bu,Manuscript copy,http://imageserver.mzk.cz/mzk01/001/255/470/2619480078,Titulní list (klikněte pro zobrazení),Other
https://muscat.rism.info/admin/sources/553014749/edit,553014749,CZ-Bu,Manuscript copy,http://imageserver.mzk.cz/mzk01/001/255/474/2619480366,Titulní list (klikněte pro zobrazení),Other
https://muscat.rism.info/admin/sources/553014750/edit,553014750,CZ-Bu,Manuscript copy,http://imageserver.mzk.cz/mzk01/001/255/476/2619480365,Titulní list (klikněte pro zobrazení),Other
https://muscat.rism.info/admin/sources/553014751/edit,553014751,CZ-Bu,Manuscript copy,http://imageserver.mzk.cz/mzk01/001/255/478/2619480364,Titulní list (klikněte pro zobrazení),Other
https://muscat.rism.info/admin/sources/553014752/edit,553014752,CZ-Bu,Manuscript copy,http://imageserver.mzk.cz/mzk01/001/255/480/2619480363,Titulní list (klikněte pro zobrazení),Other
https://muscat.rism.info/admin/sources/553014753/edit,553014753,CZ-Bu,Manuscript copy,http://imageserver.mzk.cz/mzk01/001/255/483/2619480362,Titulní list (klikněte pro zobrazení),Other
https://muscat.rism.info/admin/sources/553014754/edit,553014754,CZ-Bu,Manuscript copy,http://imageserver.mzk.cz/mzk01/001/255/485/2619480361,Titulní list (klikněte pro zobrazení),Other
https://muscat.rism.info/admin/sources/553014755/edit,553014755,CZ-Bu,Manuscript copy,http://imageserver.mzk.cz/mzk01/001/255/487/2619480360,Titulní list (klikněte pro zobrazení),Other
https://muscat.rism.info/admin/sources/553014756/edit,553014756,CZ-Bu,Manuscript copy,http://imageserver.mzk.cz/mzk01/001/255/492/2619480359,Titulní list (klikněte pro zobrazení),Other
https://muscat.rism.info/admin/sources/553014757/edit,553014757,CZ-Bu,Manuscript copy,http://imageserver.mzk.cz/mzk01/001/255/494/2619480358,Titulní list (klikněte pro zobrazení),Other
https://muscat.rism.info/admin/sources/553014758/edit,553014758,CZ-Bu,Manuscript copy,http://imageserver.mzk.cz/mzk01/001/255/508/2619480357,Titulní list (klikněte pro zobrazení),Other
https://muscat.rism.info/admin/sources/553014759/edit,553014759,CZ-Bu,Manuscript copy,http://imageserver.mzk.cz/mzk01/001/255/512/2619480356,Titulní list (klikněte pro zobrazení),Other
https://muscat.rism.info/admin/sources/553014761/edit,553014761,CZ-Bu,Manuscript copy,http://imageserver.mzk.cz/mzk01/001/255/523/2619480354,Titulní list (klikněte pro zobrazení),Other
https://muscat.rism.info/admin/sources/553014762/edit,553014762,CZ-Bu,Manuscript copy,http://imageserver.mzk.cz/mzk01/001/255/529/2619480353,Titulní list (klikněte pro zobrazení),Other
https://muscat.rism.info/admin/sources/553014763/edit,553014763,CZ-Bu,Manuscript copy,http://imageserver.mzk.cz/mzk01/001/255/530/2619480352,Titulní list (klikněte pro zobrazení),Other
https://muscat.rism.info/admin/sources/553014764/edit,553014764,CZ-Bu,Manuscript copy,http://imageserver.mzk.cz/mzk01/001/255/533/2619480351,Titulní list (klikněte pro zobrazení),Other
https://muscat.rism.info/admin/sources/553014765/edit,553014765,CZ-Bu,Manuscript copy,http://imageserver.mzk.cz/mzk01/001/255/542/2619480350,Titulní list (klikněte pro zobrazení),Other
https://muscat.rism.info/admin/sources/553014766/edit,553014766,CZ-Bu,Manuscript copy,http://imageserver.mzk.cz/mzk01/001/255/548/2619480349,Titulní list (klikněte pro zobrazení),Other
https://muscat.rism.info/admin/sources/553014767/edit,553014767,CZ-Bu,Manuscript copy,http://imageserver.mzk.cz/mzk01/001/255/551/2619480348,Titulní list (klikněte pro zobrazení),Other
https://muscat.rism.info/admin/sources/553014768/edit,553014768,CZ-Bu,Manuscript copy,http://imageserver.mzk.cz/mzk01/001/255/555/2619480347,Titulní list (klikněte pro zobrazení),Other
https://muscat.rism.info/admin/sources/553014770/edit,553014770,CZ-Bu,Manuscript copy,http://imageserver.mzk.cz/mzk01/001/255/562/2619480345,Titulní list (klikněte pro zobrazení),Other
https://muscat.rism.info/admin/sources/553014771/edit,553014771,CZ-Bu,Manuscript copy,http://imageserver.mzk.cz/mzk01/001/255/565/2619480344,Titulní list (klikněte pro zobrazení),Other
https://muscat.rism.info/admin/sources/553014772/edit,553014772,CZ-Bu,Manuscript copy,http://imageserver.mzk.cz/mzk01/001/255/873/2619480343,Titulní list (klikněte pro zobrazení),Other
https://muscat.rism.info/admin/sources/553014773/edit,553014773,CZ-Bu,Manuscript copy,http://imageserver.mzk.cz/mzk01/001/255/884/2619480342,Titulní list (klikněte pro zobrazení),Other
https://muscat.rism.info/admin/sources/553014774/edit,553014774,CZ-Bu,Manuscript copy,http://imageserver.mzk.cz/mzk01/001/255/907/2619480341,Titulní list (klikněte pro zobrazení),Other
https://muscat.rism.info/admin/sources/553014775/edit,553014775,CZ-Bu,Manuscript copy,http://imageserver.mzk.cz/mzk01/001/255/914/2619480340,Titulní list (klikněte pro zobrazení),Other
https://muscat.rism.info/admin/sources/553014776/edit,553014776,CZ-Bu,Manuscript copy,http://imageserver.mzk.cz/mzk01/001/255/917/2619480339,Titulní list (klikněte pro zobrazení),Other
https://muscat.rism.info/admin/sources/553014777/edit,553014777,CZ-Bu,Manuscript copy,http://imageserver.mzk.cz/mzk01/001/255/920/2619480338,Titulní list (klikněte pro zobrazení),Other
https://muscat.rism.info/admin/sources/553014778/edit,553014778,CZ-Bu,Manuscript copy,http://imageserver.mzk.cz/mzk01/001/255/922/2619480337,Titulní list (klikněte pro zobrazení),Other
https://muscat.rism.info/admin/sources/553014779/edit,553014779,CZ-Bu,Manuscript copy,http://imageserver.mzk.cz/mzk01/001/255/923/2619480336,Titulní list (klikněte pro zobrazení),Other
https://muscat.rism.info/admin/sources/553014780/edit,553014780,CZ-Bu,Manuscript copy,http://imageserver.mzk.cz/mzk01/001/255/926/2619480335,Titulní list (klikněte pro zobrazení),Other
https://muscat.rism.info/admin/sources/553014786/edit,553014786,CZ-Bu,Manuscript copy,http://imageserver.mzk.cz/mzk01/001/255/946/2619480329,Titulní list (klikněte pro zobrazení),Other
https://muscat.rism.info/admin/sources/553014787/edit,553014787,CZ-Bu,Manuscript copy,http://imageserver.mzk.cz/mzk01/001/255/948/2619480328,Titulní list (klikněte pro zobrazení),Other
https://muscat.rism.info/admin/sources/553014788/edit,553014788,CZ-Bu,Manuscript copy,http://imageserver.mzk.cz/mzk01/001/255/951/2619480327,Titulní list (klikněte pro zobrazení),Other
https://muscat.rism.info/admin/sources/553014789/edit,553014789,CZ-Bu,Manuscript copy,http://imageserver.mzk.cz/mzk01/001/255/959/2619480326,Titulní list (klikněte pro zobrazení),Other
https://muscat.rism.info/admin/sources/553014790/edit,553014790,CZ-Bu,Manuscript copy,http://imageserver.mzk.cz/mzk01/001/255/967/2619480325,Titulní list (klikněte pro zobrazení),Other
https://muscat.rism.info/admin/sources/553014791/edit,553014791,CZ-Bu,Manuscript copy,http://imageserver.mzk.cz/mzk01/001/255/970/2619480324,Titulní list (klikněte pro zobrazení),Other
https://muscat.rism.info/admin/sources/553014792/edit,553014792,CZ-Bu,Manuscript copy,http://imageserver.mzk.cz/mzk01/001/255/971/2619480323,Titulní list (klikněte pro zobrazení),Other
https://muscat.rism.info/admin/sources/553014793/edit,553014793,CZ-Bu,Manuscript copy,http://imageserver.mzk.cz/mzk01/001/255/974/2619480322,Titulní list (klikněte pro zobrazení),Other
https://muscat.rism.info/admin/sources/553014794/edit,553014794,CZ-Bu,Manuscript copy,http://imageserver.mzk.cz/mzk01/001/255/977/2619480321,Titulní list (klikněte pro zobrazení),Other
https://muscat.rism.info/admin/sources/553014795/edit,553014795,CZ-Bu,Manuscript copy,http://imageserver.mzk.cz/mzk01/001/255/980/2619480320,Titulní list (klikněte pro zobrazení),Other
https://muscat.rism.info/admin/sources/553014797/edit,553014797,CZ-Bu,Manuscript copy,http://imageserver.mzk.cz/mzk01/001/255/991/2619480318,Titulní list (klikněte pro zobrazení),Other
https://muscat.rism.info/admin/sources/553014798/edit,553014798,CZ-Bu,Manuscript copy,http://imageserver.mzk.cz/mzk01/001/255/994/2619480317,Titulní list (klikněte pro zobrazení),Other
https://muscat.rism.info/admin/sources/553014799/edit,553014799,CZ-Bu,Manuscript copy,http://imageserver.mzk.cz/mzk01/001/255/996/2619480316,Titulní list (klikněte pro zobrazení),Other
https://muscat.rism.info/admin/sources/553014800/edit,553014800,CZ-Bu,Manuscript copy,http://imageserver.mzk.cz/mzk01/001/255/998/2619480315,Titulní list (klikněte pro zobrazení),Other
https://muscat.rism.info/admin/sources/553014801/edit,553014801,CZ-Bu,Manuscript copy,http://imageserver.mzk.cz/mzk01/001/256/007/2619480314,Titulní list (klikněte pro zobrazení),Other
https://muscat.rism.info/admin/sources/553014802/edit,553014802,CZ-Bu,Manuscript copy,http://imageserver.mzk.cz/mzk01/001/256/009/2619480313,Titulní list (klikněte pro zobrazení),Other
https://muscat.rism.info/admin/sources/553014803/edit,553014803,CZ-Bu,Manuscript copy,http://imageserver.mzk.cz/mzk01/001/256/012/2619480312,Titulní list (klikněte pro zobrazení),Other
https://muscat.rism.info/admin/sources/553014805/edit,553014805,CZ-Bu,Manuscript copy,http://imageserver.mzk.cz/mzk01/001/256/019/2619480310,Titulní list (klikněte pro zobrazení),Other
https://muscat.rism.info/admin/sources/553014806/edit,553014806,CZ-Bu,Manuscript copy,http://imageserver.mzk.cz/mzk01/001/256/021/2619480309,Titulní list (klikněte pro zobrazení),Other
https://muscat.rism.info/admin/sources/553014807/edit,553014807,CZ-Bu,Manuscript copy,http://imageserver.mzk.cz/mzk01/001/256/030/2619480308,Titulní list (klikněte pro zobrazení),Other
https://muscat.rism.info/admin/sources/553014808/edit,553014808,CZ-Bu,Manuscript copy,http://imageserver.mzk.cz/mzk01/001/256/033/2619480307,Titulní list (klikněte pro zobrazení),Other
https://muscat.rism.info/admin/sources/553014809/edit,553014809,CZ-Bu,Manuscript copy,http://imageserver.mzk.cz/mzk01/001/256/037/2619480306,Titulní list (klikněte pro zobrazení),Other
https://muscat.rism.info/admin/sources/553014810/edit,553014810,CZ-Bu,Manuscript copy,http://imageserver.mzk.cz/mzk01/001/256/040/2619480305,Titulní list (klikněte pro zobrazení),Other
https://muscat.rism.info/admin/sources/553014811/edit,553014811,CZ-Bu,Manuscript copy,http://imageserver.mzk.cz/mzk01/001/256/044/2619480304,Titulní list (klikněte pro zobrazení),Other
https://muscat.rism.info/admin/sources/553014812/edit,553014812,CZ-Bu,Manuscript copy,http://imageserver.mzk.cz/mzk01/001/256/057/2619480493,Titulní list (klikněte pro zobrazení),Other
https://muscat.rism.info/admin/sources/553014813/edit,553014813,CZ-Bu,Manuscript copy,http://imageserver.mzk.cz/mzk01/001/256/061/2619480459,Titulní list (klikněte pro zobrazení),Other
https://muscat.rism.info/admin/sources/553014814/edit,553014814,CZ-Bu,Manuscript copy,http://imageserver.mzk.cz/mzk01/001/256/062/2619480458,Titulní list (klikněte pro zobrazení),Other
https://muscat.rism.info/admin/sources/553014815/edit,553014815,CZ-Bu,Manuscript copy,http://imageserver.mzk.cz/mzk01/001/256/063/2619480457,Titulní list (klikněte pro zobrazení),Other
https://muscat.rism.info/admin/sources/553014818/edit,553014818,CZ-Bu,Manuscript copy,http://imageserver.mzk.cz/mzk01/001/256/275/2619480303,Titulní list (klikněte pro zobrazení),Other
https://muscat.rism.info/admin/sources/553014819/edit,553014819,CZ-Bu,Manuscript copy,http://imageserver.mzk.cz/mzk01/001/256/278/2619480302,Titulní list (klikněte pro zobrazení),Other
https://muscat.rism.info/admin/sources/553014820/edit,553014820,CZ-Bu,Manuscript copy,http://imageserver.mzk.cz/mzk01/001/256/279/2619480301,Titulní list (klikněte pro zobrazení),Other
https://muscat.rism.info/admin/sources/553014821/edit,553014821,CZ-Bu,Manuscript copy,http://imageserver.mzk.cz/mzk01/001/256/281/2619480300,Titulní list (klikněte pro zobrazení),Other
https://muscat.rism.info/admin/sources/553014822/edit,553014822,CZ-Bu,Manuscript copy,http://imageserver.mzk.cz/mzk01/001/256/284/2619480299,Titulní list (klikněte pro zobrazení),Other
https://muscat.rism.info/admin/sources/553014823/edit,553014823,CZ-Bu,Manuscript copy,http://imageserver.mzk.cz/mzk01/001/256/286/2619480298,Titulní list (klikněte pro zobrazení),Other
https://muscat.rism.info/admin/sources/553014824/edit,553014824,CZ-Bu,Manuscript copy,http://imageserver.mzk.cz/mzk01/001/256/290/2619480297,Titulní list (klikněte pro zobrazení),Other
https://muscat.rism.info/admin/sources/553014825/edit,553014825,CZ-Bu,Manuscript copy,http://imageserver.mzk.cz/mzk01/001/256/293/2619480296,Titulní list (klikněte pro zobrazení),Other
https://muscat.rism.info/admin/sources/553014826/edit,553014826,CZ-Bu,Manuscript copy,http://imageserver.mzk.cz/mzk01/001/256/298/2619480295,Titulní list (klikněte pro zobrazení),Other
https://muscat.rism.info/admin/sources/553014828/edit,553014828,CZ-Bu,Manuscript copy,http://imageserver.mzk.cz/mzk01/001/256/303/2619480293,Titulní list (klikněte pro zobrazení),Other
https://muscat.rism.info/admin/sources/553014829/edit,553014829,CZ-Bu,Manuscript copy,http://imageserver.mzk.cz/mzk01/001/256/306/2619480292,Titulní list (klikněte pro zobrazení),Other
https://muscat.rism.info/admin/sources/553014830/edit,553014830,CZ-Bu,Manuscript copy,http://imageserver.mzk.cz/mzk01/001/256/307/2619480291,Titulní list (klikněte pro zobrazení),Other
https://muscat.rism.info/admin/sources/553014831/edit,553014831,CZ-Bu,Manuscript copy,http://imageserver.mzk.cz/mzk01/001/256/309/2619480290,Titulní list (klikněte pro zobrazení),Other
https://muscat.rism.info/admin/sources/553014832/edit,553014832,CZ-Bu,Manuscript copy,http://imageserver.mzk.cz/mzk01/001/256/312/2619480289,Titulní list (klikněte pro zobrazení),Other
https://muscat.rism.info/admin/sources/553014834/edit,553014834,CZ-Bu,Manuscript copy,http://imageserver.mzk.cz/mzk01/001/256/317/2619480287,Titulní list (klikněte pro zobrazení),Other
https://muscat.rism.info/admin/sources/553014835/edit,553014835,CZ-Bu,Manuscript copy,http://imageserver.mzk.cz/mzk01/001/256/319/2619480286,Titulní list (klikněte pro zobrazení),Other
https://muscat.rism.info/admin/sources/553014836/edit,553014836,CZ-Bu,Manuscript copy,http://imageserver.mzk.cz/mzk01/001/256/325/2619480285,Titulní list (klikněte pro zobrazení),Other
https://muscat.rism.info/admin/sources/553014837/edit,553014837,CZ-Bu,Manuscript copy,http://imageserver.mzk.cz/mzk01/001/256/332/2619480284,Titulní list (klikněte pro zobrazení),Other
https://muscat.rism.info/admin/sources/553014838/edit,553014838,CZ-Bu,Manuscript copy,http://imageserver.mzk.cz/mzk01/001/256/334/2619480283,Titulní list (klikněte pro zobrazení),Other
https://muscat.rism.info/admin/sources/553014839/edit,553014839,CZ-Bu,Manuscript copy,http://imageserver.mzk.cz/mzk01/001/256/336/2619480282,Titulní list (klikněte pro zobrazení),Other
https://muscat.rism.info/admin/sources/553014840/edit,553014840,CZ-Bu,Manuscript copy,http://imageserver.mzk.cz/mzk01/001/256/344/2619480281,Titulní list (klikněte pro zobrazení),Other
https://muscat.rism.info/admin/sources/553014841/edit,553014841,CZ-Bu,Manuscript copy,http://imageserver.mzk.cz/mzk01/001/256/347/2619480280,Titulní list (klikněte pro zobrazení),Other
https://muscat.rism.info/admin/sources/553014842/edit,553014842,CZ-Bu,Manuscript copy,http://imageserver.mzk.cz/mzk01/001/256/350/2619480279,Titulní list (klikněte pro zobrazení),Other
https://muscat.rism.info/admin/sources/553014843/edit,553014843,CZ-Bu,Manuscript copy,http://imageserver.mzk.cz/mzk01/001/256/351/2619480278,Titulní list (klikněte pro zobrazení),Other
https://muscat.rism.info/admin/sources/553014844/edit,553014844,CZ-Bu,Manuscript copy,http://imageserver.mzk.cz/mzk01/001/256/353/2619480277,Titulní list (klikněte pro zobrazení),Other
https://muscat.rism.info/admin/sources/553014845/edit,553014845,CZ-Bu,Manuscript copy,http://imageserver.mzk.cz/mzk01/001/256/356/2619480276,Titulní list (klikněte pro zobrazení),Other
https://muscat.rism.info/admin/sources/553014846/edit,553014846,CZ-Bu,Manuscript copy,http://imageserver.mzk.cz/mzk01/001/256/358/2619480275,Titulní list (klikněte pro zobrazení),Other
https://muscat.rism.info/admin/sources/553014847/edit,553014847,CZ-Bu,Manuscript copy,http://imageserver.mzk.cz/mzk01/001/256/359/2619480274,Titulní list (klikněte pro zobrazení),Other
https://muscat.rism.info/admin/sources/553014848/edit,553014848,CZ-Bu,Manuscript copy,http://imageserver.mzk.cz/mzk01/001/256/361/2619480273,Titulní list (klikněte pro zobrazení),Other
https://muscat.rism.info/admin/sources/553014849/edit,553014849,CZ-Bu,Manuscript copy,http://imageserver.mzk.cz/mzk01/001/256/364/2619480272,Titulní list (klikněte pro zobrazení),Other
https://muscat.rism.info/admin/sources/553014850/edit,553014850,CZ-Bu,Manuscript copy,http://imageserver.mzk.cz/mzk01/001/256/368/2619480271,Titulní list (klikněte pro zobrazení),Other
https://muscat.rism.info/admin/sources/553014851/edit,553014851,CZ-Bu,Manuscript copy,http://imageserver.mzk.cz/mzk01/001/256/369/2619480270,Titulní list (klikněte pro zobrazení),Other
https://muscat.rism.info/admin/sources/553014852/edit,553014852,CZ-Bu,Manuscript copy,http://imageserver.mzk.cz/mzk01/001/256/371/2619480269,Titulní list (klikněte pro zobrazení),Other
https://muscat.rism.info/admin/sources/553014853/edit,553014853,CZ-Bu,Manuscript copy,http://imageserver.mzk.cz/mzk01/001/256/376/2619480268,Titulní list (klikněte pro zobrazení),Other
https://muscat.rism.info/admin/sources/553014854/edit,553014854,CZ-Bu,Manuscript copy,http://imageserver.mzk.cz/mzk01/001/256/378/2619480267,Titulní list (klikněte pro zobrazení),Other
https://muscat.rism.info/admin/sources/553014855/edit,553014855,CZ-Bu,Manuscript copy,http://imageserver.mzk.cz/mzk01/001/256/380/2619480266,Titulní list (klikněte pro zobrazení),Other
https://muscat.rism.info/admin/sources/553014856/edit,553014856,CZ-Bu,Manuscript copy,http://imageserver.mzk.cz/mzk01/001/256/384/2619480265,Titulní list (klikněte pro zobrazení),Other
https://muscat.rism.info/admin/sources/553014857/edit,553014857,CZ-Bu,Manuscript copy,http://imageserver.mzk.cz/mzk01/001/256/386/2619480264,Titulní list (klikněte pro zobrazení),Other
https://muscat.rism.info/admin/sources/553014858/edit,553014858,CZ-Bu,Manuscript copy,http://imageserver.mzk.cz/mzk01/001/256/388/2619480263,Titulní list (klikněte pro zobrazení),Other
https://muscat.rism.info/admin/sources/553014859/edit,553014859,CZ-Bu,Manuscript copy,http://imageserver.mzk.cz/mzk01/001/256/397/2619480262,Titulní list (klikněte pro zobrazení),Other
https://muscat.rism.info/admin/sources/553014860/edit,553014860,CZ-Bu,Manuscript copy,http://imageserver.mzk.cz/mzk01/001/256/399/2619480261,Titulní list (klikněte pro zobrazení),Other
https://muscat.rism.info/admin/sources/553014861/edit,553014861,CZ-Bu,Manuscript copy,http://imageserver.mzk.cz/mzk01/001/256/401/2619480260,Titulní list (klikněte pro zobrazení),Other
https://muscat.rism.info/admin/sources/553014862/edit,553014862,CZ-Bu,Manuscript copy,http://imageserver.mzk.cz/mzk01/001/256/405/2619480259,Titulní list (klikněte pro zobrazení),Other
https://muscat.rism.info/admin/sources/553014863/edit,553014863,CZ-Bu,Manuscript copy,http://imageserver.mzk.cz/mzk01/001/256/407/2619480258,Titulní list (klikněte pro zobrazení),Other
https://muscat.rism.info/admin/sources/553014864/edit,553014864,CZ-Bu,Manuscript copy,http://imageserver.mzk.cz/mzk01/001/256/411/2610552240,Titulní list (klikněte pro zobrazení),Other
https://muscat.rism.info/admin/sources/553014865/edit,553014865,CZ-Bu,Manuscript copy,http://imageserver.mzk.cz/mzk01/001/256/418/2619480257,Titulní list (klikněte pro zobrazení),Other
https://muscat.rism.info/admin/sources/553014866/edit,553014866,CZ-Bu,Manuscript copy,http://imageserver.mzk.cz/mzk01/001/256/484/2619480378,Titulní list (klikněte pro zobrazení),Other
https://muscat.rism.info/admin/sources/553014868/edit,553014868,CZ-Bu,Manuscript copy,http://imageserver.mzk.cz/mzk01/001/256/833/2619480256,Titulní list (klikněte pro zobrazení),Other
https://muscat.rism.info/admin/sources/553014869/edit,553014869,CZ-Bu,Manuscript copy,http://imageserver.mzk.cz/mzk01/001/256/838/2619480255,Titulní list (klikněte pro zobrazení),Other
https://muscat.rism.info/admin/sources/553014870/edit,553014870,CZ-Bu,Manuscript copy,http://imageserver.mzk.cz/mzk01/001/256/842/2619480254,Titulní list (klikněte pro zobrazení),Other
https://muscat.rism.info/admin/sources/553014871/edit,553014871,CZ-Bu,Manuscript copy,http://imageserver.mzk.cz/mzk01/001/256/849/2619480253,Titulní list (klikněte pro zobrazení),Other
https://muscat.rism.info/admin/sources/553014873/edit,553014873,CZ-Bu,Manuscript copy,http://imageserver.mzk.cz/mzk01/001/256/861/2619480251,Titulní list (klikněte pro zobrazení),Other
https://muscat.rism.info/admin/sources/553014874/edit,553014874,CZ-Bu,Manuscript copy,http://imageserver.mzk.cz/mzk01/001/256/868/2619480250,Titulní list (klikněte pro zobrazení),Other
https://muscat.rism.info/admin/sources/553014875/edit,553014875,CZ-Bu,Manuscript copy,http://imageserver.mzk.cz/mzk01/001/256/878/2619480249,Titulní list (klikněte pro zobrazení),Other
https://muscat.rism.info/admin/sources/553014876/edit,553014876,CZ-Bu,Manuscript copy,http://imageserver.mzk.cz/mzk01/001/256/882/2619480248,Titulní list (klikněte pro zobrazení),Other
https://muscat.rism.info/admin/sources/553014877/edit,553014877,CZ-Bu,Manuscript copy,http://imageserver.mzk.cz/mzk01/001/256/885/2619480247,Titulní list (klikněte pro zobrazení),Other
https://muscat.rism.info/admin/sources/553014880/edit,553014880,CZ-Bu,Manuscript copy,http://imageserver.mzk.cz/mzk01/001/256/903/2619480244,Titulní list (klikněte pro zobrazení),Other
https://muscat.rism.info/admin/sources/553014881/edit,553014881,CZ-Bu,Manuscript copy,http://imageserver.mzk.cz/mzk01/001/256/906/2619480243,Titulní list (klikněte pro zobrazení),Other
https://muscat.rism.info/admin/sources/553014882/edit,553014882,CZ-Bu,Manuscript copy,http://imageserver.mzk.cz/mzk01/001/256/907/2619480242,Titulní list (klikněte pro zobrazení),Other
https://muscat.rism.info/admin/sources/553014883/edit,553014883,CZ-Bu,Manuscript copy,http://imageserver.mzk.cz/mzk01/001/256/910/2619480241,Titulní list (klikněte pro zobrazení),Other
https://muscat.rism.info/admin/sources/553014884/edit,553014884,CZ-Bu,Manuscript copy,http://imageserver.mzk.cz/mzk01/001/256/913/2619480240,Titulní list (klikněte pro zobrazení),Other
https://muscat.rism.info/admin/sources/553014885/edit,553014885,CZ-Bu,Manuscript copy,http://imageserver.mzk.cz/mzk01/001/256/918/2619480239,Titulní list (klikněte pro zobrazení),Other
https://muscat.rism.info/admin/sources/553014887/edit,553014887,CZ-Bu,Manuscript copy,http://imageserver.mzk.cz/mzk01/001/256/926/2619480237,Titulní list (klikněte pro zobrazení),Other
https://muscat.rism.info/admin/sources/553014889/edit,553014889,CZ-Bu,Manuscript copy,http://imageserver.mzk.cz/mzk01/001/256/938/2619480235,Titulní list (klikněte pro zobrazení),Other
https://muscat.rism.info/admin/sources/553014893/edit,553014893,CZ-Bu,Manuscript copy,http://imageserver.mzk.cz/mzk01/001/256/959/2619480231,Titulní list (klikněte pro zobrazení),Other
https://muscat.rism.info/admin/sources/553014894/edit,553014894,CZ-Bu,Manuscript copy,http://imageserver.mzk.cz/mzk01/001/256/960/2619480230,Titulní list (klikněte pro zobrazení),Other
https://muscat.rism.info/admin/sources/553014895/edit,553014895,CZ-Bu,Manuscript copy,http://imageserver.mzk.cz/mzk01/001/256/962/2619480229,Titulní list (klikněte pro zobrazení),Other
https://muscat.rism.info/admin/sources/553014896/edit,553014896,CZ-Bu,Manuscript copy,http://imageserver.mzk.cz/mzk01/001/256/972/2619480228,Titulní list (klikněte pro zobrazení),Other
https://muscat.rism.info/admin/sources/553014897/edit,553014897,CZ-Bu,Manuscript copy,http://imageserver.mzk.cz/mzk01/001/256/974/2619480227,Titulní list (klikněte pro zobrazení),Other
https://muscat.rism.info/admin/sources/553014898/edit,553014898,CZ-Bu,Manuscript copy,http://imageserver.mzk.cz/mzk01/001/256/976/2619480226,Titulní list (klikněte pro zobrazení),Other
https://muscat.rism.info/admin/sources/553014899/edit,553014899,CZ-Bu,Manuscript copy,http://imageserver.mzk.cz/mzk01/001/256/980/2619480225,Titulní list (klikněte pro zobrazení),Other
https://muscat.rism.info/admin/sources/553014900/edit,553014900,CZ-Bu,Manuscript copy,http://imageserver.mzk.cz/mzk01/001/256/982/2619480224,Titulní list (klikněte pro zobrazení),Other
https://muscat.rism.info/admin/sources/553014901/edit,553014901,CZ-Bu,Manuscript copy,http://imageserver.mzk.cz/mzk01/001/256/986/2619480223,Titulní list (klikněte pro zobrazení),Other
https://muscat.rism.info/admin/sources/553014902/edit,553014902,CZ-Bu,Manuscript copy,http://imageserver.mzk.cz/mzk01/001/256/991/2619480222,Titulní list (klikněte pro zobrazení),Other
https://muscat.rism.info/admin/sources/553014903/edit,553014903,CZ-Bu,Manuscript copy,http://imageserver.mzk.cz/mzk01/001/256/996/2619480221,Titulní list (klikněte pro zobrazení),Other
https://muscat.rism.info/admin/sources/553014904/edit,553014904,CZ-Bu,Manuscript copy,http://imageserver.mzk.cz/mzk01/001/257/000/2619480220,Titulní list (klikněte pro zobrazení),Other
https://muscat.rism.info/admin/sources/553014905/edit,553014905,CZ-Bu,Manuscript copy,http://imageserver.mzk.cz/mzk01/001/257/725/2619480219,Titulní list (klikněte pro zobrazení),Other
https://muscat.rism.info/admin/sources/553014906/edit,553014906,CZ-Bu,Manuscript copy,http://imageserver.mzk.cz/mzk01/001/257/727/2619480218,Titulní list (klikněte pro zobrazení),Other
https://muscat.rism.info/admin/sources/553014907/edit,553014907,CZ-Bu,Manuscript copy,http://imageserver.mzk.cz/mzk01/001/257/728/2619480217,Titulní list (klikněte pro zobrazení),Other
https://muscat.rism.info/admin/sources/553014913/edit,553014913,CZ-Bu,Manuscript copy,http://imageserver.mzk.cz/mzk01/001/257/744/2619480211,Titulní list (klikněte pro zobrazení),Other
https://muscat.rism.info/admin/sources/553014914/edit,553014914,CZ-Bu,Manuscript copy,http://imageserver.mzk.cz/mzk01/001/257/749/2619480210,Titulní list (klikněte pro zobrazení),Other
https://muscat.rism.info/admin/sources/553014918/edit,553014918,CZ-Bu,Manuscript copy,http://imageserver.mzk.cz/mzk01/001/257/761/2619480206,Titulní list (klikněte pro zobrazení),Other
https://muscat.rism.info/admin/sources/553014922/edit,553014922,CZ-Bu,Manuscript copy,http://imageserver.mzk.cz/mzk01/001/257/772/2619480202,Titulní list (klikněte pro zobrazení),Other
https://muscat.rism.info/admin/sources/553014923/edit,553014923,CZ-Bu,Manuscript copy,http://imageserver.mzk.cz/mzk01/001/257/776/2619480201,Titulní list (klikněte pro zobrazení),Other
https://muscat.rism.info/admin/sources/553014924/edit,553014924,CZ-Bu,Manuscript copy,http://imageserver.mzk.cz/mzk01/001/257/781/2619480200,Titulní list (klikněte pro zobrazení),Other
https://muscat.rism.info/admin/sources/553014926/edit,553014926,CZ-Bu,Manuscript copy,http://imageserver.mzk.cz/mzk01/001/257/789/2619480198,Titulní list (klikněte pro zobrazení),Other
https://muscat.rism.info/admin/sources/553014927/edit,553014927,CZ-Bu,Manuscript copy,http://imageserver.mzk.cz/mzk01/001/257/793/2619480196,Titulní list (klikněte pro zobrazení),Other
https://muscat.rism.info/admin/sources/553014928/edit,553014928,CZ-Bu,Manuscript copy,http://imageserver.mzk.cz/mzk01/001/257/796/2619480195,Titulní list (klikněte pro zobrazení),Other
https://muscat.rism.info/admin/sources/553014929/edit,553014929,CZ-Bu,Manuscript copy,http://imageserver.mzk.cz/mzk01/001/257/798/2619480194,Titulní list (klikněte pro zobrazení),Other
https://muscat.rism.info/admin/sources/553014932/edit,553014932,CZ-Bu,Manuscript copy,http://imageserver.mzk.cz/mzk01/001/257/818/2619480191,Titulní list (klikněte pro zobrazení),Other
https://muscat.rism.info/admin/sources/553014933/edit,553014933,CZ-Bu,Manuscript copy,http://imageserver.mzk.cz/mzk01/001/257/822/2619480190,Titulní list (klikněte pro zobrazení),Other
https://muscat.rism.info/admin/sources/553014936/edit,553014936,CZ-Bu,Manuscript copy,http://imageserver.mzk.cz/mzk01/001/257/887/2619480187,Titulní list (klikněte pro zobrazení),Other
https://muscat.rism.info/admin/sources/553014937/edit,553014937,CZ-Bu,Manuscript copy,http://imageserver.mzk.cz/mzk01/001/257/889/2619480186,Titulní list (klikněte pro zobrazení),Other
https://muscat.rism.info/admin/sources/553014938/edit,553014938,CZ-Bu,Manuscript copy,http://imageserver.mzk.cz/mzk01/001/257/897/2619480185,Titulní list (klikněte pro zobrazení),Other
https://muscat.rism.info/admin/sources/553014939/edit,553014939,CZ-Bu,Manuscript copy,http://imageserver.mzk.cz/mzk01/001/257/904/2619480184,Titulní list (klikněte pro zobrazení),Other
https://muscat.rism.info/admin/sources/553014940/edit,553014940,CZ-Bu,Manuscript copy,http://imageserver.mzk.cz/mzk01/001/257/908/2619480183,Titulní list (klikněte pro zobrazení),Other
https://muscat.rism.info/admin/sources/553014942/edit,553014942,CZ-Bu,Manuscript copy,http://imageserver.mzk.cz/mzk01/001/257/918/2619480181,Titulní list (klikněte pro zobrazení),Other
https://muscat.rism.info/admin/sources/553014943/edit,553014943,CZ-Bu,Manuscript copy,http://imageserver.mzk.cz/mzk01/001/257/923/2619480180,Titulní list (klikněte pro zobrazení),Other
https://muscat.rism.info/admin/sources/553014945/edit,553014945,CZ-Bu,Manuscript copy,http://imageserver.mzk.cz/mzk01/001/257/927/2619480178,Titulní list (klikněte pro zobrazení),Other
https://muscat.rism.info/admin/sources/553014946/edit,553014946,CZ-Bu,Manuscript copy,http://imageserver.mzk.cz/mzk01/001/257/928/2619480177,Titulní list (klikněte pro zobrazení),Other
https://muscat.rism.info/admin/sources/553014947/edit,553014947,CZ-Bu,Manuscript copy,http://imageserver.mzk.cz/mzk01/001/257/931/2619480176,Titulní list (klikněte pro zobrazení),Other
https://muscat.rism.info/admin/sources/553014949/edit,553014949,CZ-Bu,Manuscript copy,http://imageserver.mzk.cz/mzk01/001/257/942/2619480174,Titulní list (klikněte pro zobrazení),Other
https://muscat.rism.info/admin/sources/553014951/edit,553014951,CZ-Bu,Manuscript copy,http://imageserver.mzk.cz/mzk01/001/257/948/2619480172,Titulní list (klikněte pro zobrazení),Other
https://muscat.rism.info/admin/sources/553014952/edit,553014952,CZ-Bu,Manuscript copy,http://imageserver.mzk.cz/mzk01/001/257/953/2619480171,Titulní list (klikněte pro zobrazení),Other
https://muscat.rism.info/admin/sources/553014953/edit,553014953,CZ-Bu,Manuscript copy,http://imageserver.mzk.cz/mzk01/001/257/955/2619480170,Titulní list (klikněte pro zobrazení),Other
https://muscat.rism.info/admin/sources/553014954/edit,553014954,CZ-Bu,Manuscript copy,http://imageserver.mzk.cz/mzk01/001/257/964/2619480169,Titulní list (klikněte pro zobrazení),Other
https://muscat.rism.info/admin/sources/553014956/edit,553014956,CZ-Bu,Manuscript copy,http://imageserver.mzk.cz/mzk01/001/257/970/2619480167,Titulní list (klikněte pro zobrazení),Other
https://muscat.rism.info/admin/sources/553014957/edit,553014957,CZ-Bu,Manuscript copy,http://imageserver.mzk.cz/mzk01/001/257/972/2619480166,Titulní list (klikněte pro zobrazení),Other
https://muscat.rism.info/admin/sources/553014958/edit,553014958,CZ-Bu,Manuscript copy,http://imageserver.mzk.cz/mzk01/001/257/974/2619480165,Titulní list (klikněte pro zobrazení),Other
https://muscat.rism.info/admin/sources/553014959/edit,553014959,CZ-Bu,Manuscript copy,http://imageserver.mzk.cz/mzk01/001/257/976/2619480164,Titulní list (klikněte pro zobrazení),Other
https://muscat.rism.info/admin/sources/553014960/edit,553014960,CZ-Bu,Manuscript copy,http://imageserver.mzk.cz/mzk01/001/257/978/2619480163,Titulní list (klikněte pro zobrazení),Other
https://muscat.rism.info/admin/sources/553014961/edit,553014961,CZ-Bu,Manuscript copy,http://imageserver.mzk.cz/mzk01/001/258/176/2619480162,Titulní list (klikněte pro zobrazení),Other
https://muscat.rism.info/admin/sources/553014963/edit,553014963,CZ-Bu,Manuscript copy,http://imageserver.mzk.cz/mzk01/001/258/178/2619480160,Titulní list (klikněte pro zobrazení),Other
https://muscat.rism.info/admin/sources/553014971/edit,553014971,CZ-Bu,Manuscript copy,http://imageserver.mzk.cz/mzk01/001/258/187/2619480152,Titulní list (klikněte pro zobrazení),Other
https://muscat.rism.info/admin/sources/553014972/edit,553014972,CZ-Bu,Manuscript copy,http://imageserver.mzk.cz/mzk01/001/258/188/2619480151,Titulní list (klikněte pro zobrazení),Other
https://muscat.rism.info/admin/sources/553014973/edit,553014973,CZ-Bu,Manuscript copy,http://imageserver.mzk.cz/mzk01/001/258/193/2619480150,Titulní list (klikněte pro zobrazení),Other
https://muscat.rism.info/admin/sources/553014974/edit,553014974,CZ-Bu,Manuscript copy,http://imageserver.mzk.cz/mzk01/001/258/195/2619480149,Titulní list (klikněte pro zobrazení),Other
https://muscat.rism.info/admin/sources/553014975/edit,553014975,CZ-Bu,Manuscript copy,http://imageserver.mzk.cz/mzk01/001/258/200/2619480148,Titulní list (klikněte pro zobrazení),Other
https://muscat.rism.info/admin/sources/553014976/edit,553014976,CZ-Bu,Manuscript copy,http://imageserver.mzk.cz/mzk01/001/258/207/2619480147,Titulní list (klikněte pro zobrazení),Other
https://muscat.rism.info/admin/sources/553014977/edit,553014977,CZ-Bu,Manuscript copy,http://imageserver.mzk.cz/mzk01/001/258/216/2619480146,Titulní list (klikněte pro zobrazení),Other
https://muscat.rism.info/admin/sources/553014978/edit,553014978,CZ-Bu,Manuscript copy,http://imageserver.mzk.cz/mzk01/001/258/218/2619480145,Titulní list (klikněte pro zobrazení),Other
https://muscat.rism.info/admin/sources/553014979/edit,553014979,CZ-Bu,Manuscript copy,http://imageserver.mzk.cz/mzk01/001/258/230/2619480144,Titulní list (klikněte pro zobrazení),Other
https://muscat.rism.info/admin/sources/553014980/edit,553014980,CZ-Bu,Manuscript copy,http://imageserver.mzk.cz/mzk01/001/258/232/2619480143,Titulní list (klikněte pro zobrazení),Other
https://muscat.rism.info/admin/sources/553014981/edit,553014981,CZ-Bu,Manuscript copy,http://imageserver.mzk.cz/mzk01/001/258/241/2619480142,Titulní list (klikněte pro zobrazení),Other
https://muscat.rism.info/admin/sources/553014982/edit,553014982,CZ-Bu,Manuscript copy,http://imageserver.mzk.cz/mzk01/001/258/243/2619480141,Titulní list (klikněte pro zobrazení),Other
https://muscat.rism.info/admin/sources/553014983/edit,553014983,CZ-Bu,Manuscript copy,http://imageserver.mzk.cz/mzk01/001/258/252/2619480140,Titulní list (klikněte pro zobrazení),Other
https://muscat.rism.info/admin/sources/553014985/edit,553014985,CZ-Bu,Manuscript copy,http://imageserver.mzk.cz/mzk01/001/258/266/2619480138,Titulní list (klikněte pro zobrazení),Other
https://muscat.rism.info/admin/sources/553014986/edit,553014986,CZ-Bu,Manuscript copy,http://imageserver.mzk.cz/mzk01/001/258/273/2619480137,Titulní list (klikněte pro zobrazení),Other
https://muscat.rism.info/admin/sources/553014987/edit,553014987,CZ-Bu,Manuscript copy,http://imageserver.mzk.cz/mzk01/001/258/275/2619480136,Titulní list (klikněte pro zobrazení),Other
https://muscat.rism.info/admin/sources/553014988/edit,553014988,CZ-Bu,Manuscript copy,http://imageserver.mzk.cz/mzk01/001/258/277/2619480135,Titulní list (klikněte pro zobrazení),Other
https://muscat.rism.info/admin/sources/553014989/edit,553014989,CZ-Bu,Manuscript copy,http://imageserver.mzk.cz/mzk01/001/258/280/2619480134,Titulní list (klikněte pro zobrazení),Other
https://muscat.rism.info/admin/sources/553014992/edit,553014992,CZ-Bu,Manuscript copy,http://imageserver.mzk.cz/mzk01/001/258/283/2619480131,Titulní list (klikněte pro zobrazení),Other
https://muscat.rism.info/admin/sources/553014993/edit,553014993,CZ-Bu,Manuscript copy,http://imageserver.mzk.cz/mzk01/001/258/289/2619480130,Titulní list (klikněte pro zobrazení),Other
https://muscat.rism.info/admin/sources/553014994/edit,553014994,CZ-Bu,Manuscript copy,http://imageserver.mzk.cz/mzk01/001/258/301/2619480129,Titulní list (klikněte pro zobrazení),Other
https://muscat.rism.info/admin/sources/553014995/edit,553014995,CZ-Bu,Manuscript copy,http://imageserver.mzk.cz/mzk01/001/258/323/2619480128,Titulní list (klikněte pro zobrazení),Other
https://muscat.rism.info/admin/sources/553014996/edit,553014996,CZ-Bu,Manuscript copy,http://imageserver.mzk.cz/mzk01/001/258/324/2619480127,Titulní list (klikněte pro zobrazení),Other
https://muscat.rism.info/admin/sources/553014997/edit,553014997,CZ-Bu,Manuscript copy,http://imageserver.mzk.cz/mzk01/001/258/326/2619480126,Titulní list (klikněte pro zobrazení),Other
https://muscat.rism.info/admin/sources/553014998/edit,553014998,CZ-Bu,Manuscript copy,http://imageserver.mzk.cz/mzk01/001/258/329/2619480125,Titulní list (klikněte pro zobrazení),Other
https://muscat.rism.info/admin/sources/553014999/edit,553014999,CZ-Bu,Manuscript copy,http://imageserver.mzk.cz/mzk01/001/258/331/2619480124,Titulní list (klikněte pro zobrazení),Other
https://muscat.rism.info/admin/sources/553015000/edit,553015000,CZ-Bu,Manuscript copy,http://imageserver.mzk.cz/mzk01/001/258/332/2619480123,Titulní list (klikněte pro zobrazení),Other
https://muscat.rism.info/admin/sources/553015001/edit,553015001,CZ-Bu,Manuscript copy,http://imageserver.mzk.cz/mzk01/001/258/334/2619480122,Titulní list (klikněte pro zobrazení),Other
https://muscat.rism.info/admin/sources/553015002/edit,553015002,CZ-Bu,Manuscript copy,http://imageserver.mzk.cz/mzk01/001/258/335/2619480121,Titulní list (klikněte pro zobrazení),Other
https://muscat.rism.info/admin/sources/553015003/edit,553015003,CZ-Bu,Manuscript copy,http://imageserver.mzk.cz/mzk01/001/258/338/2619480120,Titulní list (klikněte pro zobrazení),Other
https://muscat.rism.info/admin/sources/553015004/edit,553015004,CZ-Bu,Manuscript copy,http://imageserver.mzk.cz/mzk01/001/258/339/2619480119,Titulní list (klikněte pro zobrazení),Other
https://muscat.rism.info/admin/sources/553015005/edit,553015005,CZ-Bu,Manuscript copy,http://imageserver.mzk.cz/mzk01/001/258/341/2619480118,Titulní list (klikněte pro zobrazení),Other
https://muscat.rism.info/admin/sources/553015006/edit,553015006,CZ-Bu,Manuscript copy,http://imageserver.mzk.cz/mzk01/001/258/342/2619480117,Titulní list (klikněte pro zobrazení),Other
https://muscat.rism.info/admin/sources/553015007/edit,553015007,CZ-Bu,Manuscript copy,http://imageserver.mzk.cz/mzk01/001/258/344/2619480116,Titulní list (klikněte pro zobrazení),Other
https://muscat.rism.info/admin/sources/553015008/edit,553015008,CZ-Bu,Manuscript copy,http://imageserver.mzk.cz/mzk01/001/258/345/2619480115,Titulní list (klikněte pro zobrazení),Other
https://muscat.rism.info/admin/sources/553015009/edit,553015009,CZ-Bu,Manuscript copy,http://imageserver.mzk.cz/mzk01/001/258/349/2619480114,Titulní list (klikněte pro zobrazení),Other
https://muscat.rism.info/admin/sources/553015010/edit,553015010,CZ-Bu,Manuscript copy,http://imageserver.mzk.cz/mzk01/001/258/351/2619480113,Titulní list (klikněte pro zobrazení),Other
https://muscat.rism.info/admin/sources/553015011/edit,553015011,CZ-Bu,Manuscript copy,http://imageserver.mzk.cz/mzk01/001/258/353/2619480112,Titulní list (klikněte pro zobrazení),Other
https://muscat.rism.info/admin/sources/553015012/edit,553015012,CZ-Bu,Manuscript copy,http://imageserver.mzk.cz/mzk01/001/258/358/2619480111,Titulní list (klikněte pro zobrazení),Other
https://muscat.rism.info/admin/sources/553015013/edit,553015013,CZ-Bu,Manuscript copy,http://imageserver.mzk.cz/mzk01/001/258/361/2619480110,Titulní list (klikněte pro zobrazení),Other
https://muscat.rism.info/admin/sources/553015014/edit,553015014,CZ-Bu,Manuscript copy,http://imageserver.mzk.cz/mzk01/001/258/362/2619480109,Titulní list (klikněte pro zobrazení),Other
https://muscat.rism.info/admin/sources/553015015/edit,553015015,CZ-Bu,Manuscript copy,http://imageserver.mzk.cz/mzk01/001/258/363/2619480108,Titulní list (klikněte pro zobrazení),Other
https://muscat.rism.info/admin/sources/553015016/edit,553015016,CZ-Bu,Autograph manuscript,http://imageserver.mzk.cz/mzk01/001/258/364/2619480107,Titulní list (klikněte pro zobrazení),Other
https://muscat.rism.info/admin/sources/553015018/edit,553015018,CZ-Bu,Manuscript copy,http://imageserver.mzk.cz/mzk01/001/258/372/2619480197,Titulní list (klikněte pro zobrazení),Other
https://muscat.rism.info/admin/sources/553015019/edit,553015019,CZ-Bu,Manuscript copy,http://imageserver.mzk.cz/mzk01/001/258/488/2619480105,Titulní list (klikněte pro zobrazení),Other
https://muscat.rism.info/admin/sources/553015020/edit,553015020,CZ-Bu,Manuscript copy,http://imageserver.mzk.cz/mzk01/001/258/496/2619480104,Titulní list (klikněte pro zobrazení),Other
https://muscat.rism.info/admin/sources/553015021/edit,553015021,CZ-Bu,Manuscript copy,http://imageserver.mzk.cz/mzk01/001/258/498/2619480103,Titulní list (klikněte pro zobrazení),Other
https://muscat.rism.info/admin/sources/553015022/edit,553015022,CZ-Bu,Manuscript copy,http://imageserver.mzk.cz/mzk01/001/258/499/2619480102,Titulní list (klikněte pro zobrazení),Other
https://muscat.rism.info/admin/sources/553015023/edit,553015023,CZ-Bu,Manuscript copy,http://imageserver.mzk.cz/mzk01/001/258/500/2619480101,Titulní list (klikněte pro zobrazení),Other
https://muscat.rism.info/admin/sources/553015024/edit,553015024,CZ-Bu,Manuscript copy,http://imageserver.mzk.cz/mzk01/001/258/502/2619480100,Titulní list (klikněte pro zobrazení),Other
https://muscat.rism.info/admin/sources/553015026/edit,553015026,CZ-Bu,Manuscript copy,http://imageserver.mzk.cz/mzk01/001/258/505/2619480098,Titulní list (klikněte pro zobrazení),Other
https://muscat.rism.info/admin/sources/553015027/edit,553015027,CZ-Bu,Manuscript copy,http://imageserver.mzk.cz/mzk01/001/258/507/2619480097,Titulní list (klikněte pro zobrazení),Other
https://muscat.rism.info/admin/sources/553015029/edit,553015029,CZ-Bu,Manuscript copy,http://imageserver.mzk.cz/mzk01/001/258/510/2619480095,Titulní list (klikněte pro zobrazení),Other
https://muscat.rism.info/admin/sources/553015030/edit,553015030,CZ-Bu,Manuscript copy,http://imageserver.mzk.cz/mzk01/001/258/511/2619480094,Titulní list (klikněte pro zobrazení),Other
https://muscat.rism.info/admin/sources/553015031/edit,553015031,CZ-Bu,Manuscript copy,http://imageserver.mzk.cz/mzk01/001/258/512/2619480093,Titulní list (klikněte pro zobrazení),Other
https://muscat.rism.info/admin/sources/553015032/edit,553015032,CZ-Bu,Manuscript copy,http://imageserver.mzk.cz/mzk01/001/258/513/2619480092,Titulní list (klikněte pro zobrazení),Other
https://muscat.rism.info/admin/sources/553015033/edit,553015033,CZ-Bu,Manuscript copy,http://imageserver.mzk.cz/mzk01/001/258/514/2619480091,Titulní list (klikněte pro zobrazení),Other
https://muscat.rism.info/admin/sources/553015034/edit,553015034,CZ-Bu,Manuscript copy,http://imageserver.mzk.cz/mzk01/001/258/515/2619480090,Titulní list (klikněte pro zobrazení),Other
https://muscat.rism.info/admin/sources/553015035/edit,553015035,CZ-Bu,Manuscript copy,http://imageserver.mzk.cz/mzk01/001/258/516/2619480089,Titulní list (klikněte pro zobrazení),Other
https://muscat.rism.info/admin/sources/553015036/edit,553015036,CZ-Bu,Manuscript copy,http://imageserver.mzk.cz/mzk01/001/258/517/2619480088,Titulní list (klikněte pro zobrazení),Other
https://muscat.rism.info/admin/sources/553015037/edit,553015037,CZ-Bu,Manuscript copy,http://imageserver.mzk.cz/mzk01/001/258/518/2619480087,Titulní list (klikněte pro zobrazení),Other
https://muscat.rism.info/admin/sources/553015038/edit,553015038,CZ-Bu,Manuscript copy,http://imageserver.mzk.cz/mzk01/001/258/519/2619480086,Titulní list (klikněte pro zobrazení),Other
https://muscat.rism.info/admin/sources/553015045/edit,553015045,CZ-Bu,Manuscript copy,http://imageserver.mzk.cz/mzk01/001/260/313/2619480077,Titulní list (klikněte pro zobrazení),Other
https://muscat.rism.info/admin/sources/553015046/edit,553015046,CZ-Bu,Manuscript copy,http://imageserver.mzk.cz/mzk01/001/261/445/2619480080,Titulní list (klikněte pro zobrazení),Other
https://muscat.rism.info/admin/sources/553015048/edit,553015048,CZ-Bu,Manuscript copy,http://imageserver.mzk.cz/mzk01/001/264/174/2619499027,Titulní list (klikněte pro zobrazení),Other
https://muscat.rism.info/admin/sources/553015049/edit,553015049,CZ-Bu,Manuscript copy,http://imageserver.mzk.cz/mzk01/001/270/134/2619513715,Titulní list (klikněte pro zobrazení),Other
https://muscat.rism.info/admin/sources/553015050/edit,553015050,CZ-Bu,Manuscript copy,http://imageserver.mzk.cz/mzk01/001/276/701/2619467272,Titulní list (klikněte pro zobrazení),Other
https://muscat.rism.info/admin/sources/553015051/edit,553015051,CZ-Bu,Manuscript copy,http://imageserver.mzk.cz/mzk01/001/276/703/2619467271;http://www.kb.dk/dcm/cnw/document.xq?doc=cnw0056.xml,Titulní list (klikněte pro zobrazení),Other
https://muscat.rism.info/admin/sources/553015052/edit,553015052,CZ-Bu,Manuscript copy,http://imageserver.mzk.cz/mzk01/001/276/704/2619467270,Titulní list (klikněte pro zobrazení),Other
https://muscat.rism.info/admin/sources/553015053/edit,553015053,CZ-Bu,Manuscript copy,http://imageserver.mzk.cz/mzk01/001/281/477/2619467238,Titulní list (klikněte pro zobrazení),Other
https://muscat.rism.info/admin/sources/553015054/edit,553015054,CZ-Bu,Manuscript copy,http://imageserver.mzk.cz/mzk01/001/286/189/2619467217,Titulní list (klikněte pro zobrazení),Other
https://muscat.rism.info/admin/sources/553015055/edit,553015055,CZ-Bu,Autograph manuscript,http://imageserver.mzk.cz/mzk01/001/291/115/2619467033,Titulní list (klikněte pro zobrazení),Other
https://muscat.rism.info/admin/sources/553015059/edit,553015059,CZ-Bu,Manuscript copy,http://imageserver.mzk.cz/mzk01/001/299/575/2619480503,Titulní list (klikněte pro zobrazení),Other
https://muscat.rism.info/admin/sources/553015060/edit,553015060,CZ-Bu,Manuscript copy,http://imageserver.mzk.cz/mzk01/001/321/280/2619600873,Titulní list (klikněte pro zobrazení),Other
https://muscat.rism.info/admin/sources/553015061/edit,553015061,CZ-Bu,Manuscript copy,http://imageserver.mzk.cz/mzk01/001/321/282/2619600872,Titulní list (klikněte pro zobrazení),Other
https://muscat.rism.info/admin/sources/553015062/edit,553015062,CZ-Bu,Manuscript copy,http://imageserver.mzk.cz/mzk01/001/321/287/2619600871,Titulní list (klikněte pro zobrazení),Other
https://muscat.rism.info/admin/sources/553015063/edit,553015063,CZ-Bu,Manuscript copy,http://imageserver.mzk.cz/mzk01/001/321/297/2619600870,Titulní list (klikněte pro zobrazení),Other
https://muscat.rism.info/admin/sources/553015065/edit,553015065,CZ-Bu,Manuscript copy,http://imageserver.mzk.cz/mzk01/001/321/311/2619600868,Titulní list (klikněte pro zobrazení),Other
https://muscat.rism.info/admin/sources/553015066/edit,553015066,CZ-Bu,Manuscript copy,http://imageserver.mzk.cz/mzk01/001/322/534/2619600858,Titulní list (klikněte pro zobrazení),Other
https://muscat.rism.info/admin/sources/553015067/edit,553015067,CZ-Bu,Manuscript copy,http://imageserver.mzk.cz/mzk01/001/324/670/2619600847,Titulní list (klikněte pro zobrazení),Other
https://muscat.rism.info/admin/sources/553015069/edit,553015069,CZ-Bu,Manuscript copy,http://imageserver.mzk.cz/mzk01/001/336/860/2619600765,Titulní list (klikněte pro zobrazení),Other
https://muscat.rism.info/admin/sources/553015070/edit,553015070,CZ-Bu,Manuscript copy,http://imageserver.mzk.cz/mzk01/001/343/118/2619600753,Titulní list (klikněte pro zobrazení),Other