450021790,https://digital.blb-karlsruhe.de/6068223
450021811,https://digital.blb-karlsruhe.de/6068223
450036993,https://digital.blb-karlsruhe.de/3331329
453010907,https://digital.blb-karlsruhe.de/5705644
450036994,https://digital.blb-karlsruhe.de/3331329
453010826,https://digital.blb-karlsruhe.de/5705644
450019334,https://digital.blb-karlsruhe.de/6068283
450038004,https://digital.blb-karlsruhe.de/3331329
450014189,https://digital.blb-karlsruhe.de/5216875
450021796,https://digital.blb-karlsruhe.de/6068223
453010885,https://digital.blb-karlsruhe.de/5705644
450018758,https://digital.blb-karlsruhe.de/5032916
450013434,https://digital.blb-karlsruhe.de/4684746
450013229,https://digital.blb-karlsruhe.de/3661073
450014314,https://digital.blb-karlsruhe.de/4564348
450021785,https://digital.blb-karlsruhe.de/6068223
450021773,https://digital.blb-karlsruhe.de/6068223
450021766,https://digital.blb-karlsruhe.de/6068223
450051258,https://digital.blb-karlsruhe.de/3860312
450051255,https://digital.blb-karlsruhe.de/3860312
450051259,https://digital.blb-karlsruhe.de/3860312
450051253,https://digital.blb-karlsruhe.de/3860312
450051257,https://digital.blb-karlsruhe.de/3860312
450051256,https://digital.blb-karlsruhe.de/3860312
450051254,https://digital.blb-karlsruhe.de/3860312
450019352,https://digital.blb-karlsruhe.de/6068283
450021797,https://digital.blb-karlsruhe.de/6068223
450013385,https://digital.blb-karlsruhe.de/4708346
453010865,https://digital.blb-karlsruhe.de/5705644
450051355,https://digital.blb-karlsruhe.de/5000904
450051261,https://digital.blb-karlsruhe.de/3860311
450051260,https://digital.blb-karlsruhe.de/3860311
450027385,https://digital.blb-karlsruhe.de/5411084
450019335,https://digital.blb-karlsruhe.de/6068287
450027386,https://digital.blb-karlsruhe.de/5411084 
450027389,https://digital.blb-karlsruhe.de/5411084 
450021781,https://digital.blb-karlsruhe.de/6068223
450019351,https://digital.blb-karlsruhe.de/6068287
450027387,https://digital.blb-karlsruhe.de/5411084
450027388,https://digital.blb-karlsruhe.de/5411084 
453010908,https://digital.blb-karlsruhe.de/5705644 
453010896,https://digital.blb-karlsruhe.de/5705644 
450050656,https://digital.blb-karlsruhe.de/5357488 
450050655,https://digital.blb-karlsruhe.de/5357488 
450050654,https://digital.blb-karlsruhe.de/5357488 
450050653,https://digital.blb-karlsruhe.de/5357488 
450050652,https://digital.blb-karlsruhe.de/5357488 
450050649,https://digital.blb-karlsruhe.de/5357488 
450050648,https://digital.blb-karlsruhe.de/5357488
450050647,https://digital.blb-karlsruhe.de/5357488
450050646,https://digital.blb-karlsruhe.de/5357488
450050645,https://digital.blb-karlsruhe.de/5357488
450050650,https://digital.blb-karlsruhe.de/5357488
450050651,https://digital.blb-karlsruhe.de/5357488
450013383,https://digital.blb-karlsruhe.de/4708346 
453010830,https://digital.blb-karlsruhe.de/5705644 
453010902,https://digital.blb-karlsruhe.de/5705644 
450019289,https://digital.blb-karlsruhe.de/4323648 
450019290,https://digital.blb-karlsruhe.de/4323648 
450019288,https://digital.blb-karlsruhe.de/4323648 
450019291,https://digital.blb-karlsruhe.de/4323648 
450036303,https://digital.blb-karlsruhe.de/5486882    
450036305,https://digital.blb-karlsruhe.de/5486882   
450019345,https://digital.blb-karlsruhe.de/6068287
450021760,https://digital.blb-karlsruhe.de/6068223 
450021762,https://digital.blb-karlsruhe.de/6068223 
450018843,https://digital.blb-karlsruhe.de/6068161 
450018769,https://digital.blb-karlsruhe.de/5032916 
450019287,https://digital.blb-karlsruhe.de/4323648 
450021805,https://digital.blb-karlsruhe.de/6068223 
450021808,https://digital.blb-karlsruhe.de/6068223 
450019340,https://digital.blb-karlsruhe.de/6068287
450019341,https://digital.blb-karlsruhe.de/6068287
450021806,https://digital.blb-karlsruhe.de/6068223 
450019339,https://digital.blb-karlsruhe.de/6068287
453010864,https://digital.blb-karlsruhe.de/5705644 
450019424,https://digital.blb-karlsruhe.de/5108681
450019425,https://digital.blb-karlsruhe.de/5108681
450019423,https://digital.blb-karlsruhe.de/5108681
450051293,https://digital.blb-karlsruhe.de/5364354
450051292,https://digital.blb-karlsruhe.de/5364354
450018796,https://digital.blb-karlsruhe.de/7130401
450021798,https://digital.blb-karlsruhe.de/6068223 
453010848,https://digital.blb-karlsruhe.de/5705644
453010811,https://digital.blb-karlsruhe.de/5705644
453010844,https://digital.blb-karlsruhe.de/5705644
453010837,https://digital.blb-karlsruhe.de/5705644
450018341,https://digital.blb-karlsruhe.de/5249141
450038450,https://digital.blb-karlsruhe.de/5362214
450038448,https://digital.blb-karlsruhe.de/5362214
450038449,https://digital.blb-karlsruhe.de/5362214
450018841,https://digital.blb-karlsruhe.de/6068161 
453010831,https://digital.blb-karlsruhe.de/5705644
453010855,https://digital.blb-karlsruhe.de/5705644
453010854,https://digital.blb-karlsruhe.de/5705644
453010899,https://digital.blb-karlsruhe.de/5705644
450021776,https://digital.blb-karlsruhe.de/6068223 
453010841,https://digital.blb-karlsruhe.de/5705644
453010838,https://digital.blb-karlsruhe.de/5705644
453010812,https://digital.blb-karlsruhe.de/5705644
453010814,https://digital.blb-karlsruhe.de/5705644
453010810,https://digital.blb-karlsruhe.de/5705644
450036502,https://digital.blb-karlsruhe.de/43109
450013378,https://digital.blb-karlsruhe.de/4708346
450036503,https://digital.blb-karlsruhe.de/43109
450036500,https://digital.blb-karlsruhe.de/43109
450014123,https://digital.blb-karlsruhe.de/4708342
450051344,https://digital.blb-karlsruhe.de/5362216
450051343,https://digital.blb-karlsruhe.de/5362216
450013386,https://digital.blb-karlsruhe.de/4708346
450051316,https://digital.blb-karlsruhe.de/4786900
450051312,https://digital.blb-karlsruhe.de/4786900
450051318,https://digital.blb-karlsruhe.de/4786900
450051315,https://digital.blb-karlsruhe.de/4786900
450051310,https://digital.blb-karlsruhe.de/4786900
450051321,https://digital.blb-karlsruhe.de/4786900
450051313,https://digital.blb-karlsruhe.de/4786900
450051319,https://digital.blb-karlsruhe.de/4786900
450051311,https://digital.blb-karlsruhe.de/4786900
450051317,https://digital.blb-karlsruhe.de/4786900
450051314,https://digital.blb-karlsruhe.de/4786900
450051320,https://digital.blb-karlsruhe.de/4786900
450013384,https://digital.blb-karlsruhe.de/4708346
450036495,https://digital.blb-karlsruhe.de/43109
450036504,https://digital.blb-karlsruhe.de/43109
450036506,https://digital.blb-karlsruhe.de/43109
450036498,https://digital.blb-karlsruhe.de/43109
450036505,https://digital.blb-karlsruhe.de/43109
450036497,https://digital.blb-karlsruhe.de/43109
450036501,https://digital.blb-karlsruhe.de/43109
450036496,https://digital.blb-karlsruhe.de/43109
450036499,https://digital.blb-karlsruhe.de/43109
450050969,https://digital.blb-karlsruhe.de/4786902
450050971,https://digital.blb-karlsruhe.de/7123089
450050976,https://digital.blb-karlsruhe.de/7123089
450050964,https://digital.blb-karlsruhe.de/4786902
450050972,https://digital.blb-karlsruhe.de/7123089
450050974,https://digital.blb-karlsruhe.de/7123089
450050975,https://digital.blb-karlsruhe.de/7123089
450050970,https://digital.blb-karlsruhe.de/4786902
450050977,https://digital.blb-karlsruhe.de/7123089
450050966,https://digital.blb-karlsruhe.de/4786902
450050967,https://digital.blb-karlsruhe.de/4786902
450050968,https://digital.blb-karlsruhe.de/4786902
450050973,https://digital.blb-karlsruhe.de/7123089
450050965,https://digital.blb-karlsruhe.de/4786902
450013379,https://digital.blb-karlsruhe.de/4708346
453010877,https://digital.blb-karlsruhe.de/5705644
453010870,https://digital.blb-karlsruhe.de/5705644
453010883,https://digital.blb-karlsruhe.de/5705644
453010884,https://digital.blb-karlsruhe.de/5705644
453010872,https://digital.blb-karlsruhe.de/5705644
453010871,https://digital.blb-karlsruhe.de/5705644
453010888,https://digital.blb-karlsruhe.de/5705644
453010886,https://digital.blb-karlsruhe.de/5705644
450018761,https://digital.blb-karlsruhe.de/5032916
450018764,https://digital.blb-karlsruhe.de/5032916
450018780,https://digital.blb-karlsruhe.de/5032916
450013389,https://digital.blb-karlsruhe.de/4708346
450013392,https://digital.blb-karlsruhe.de/3726082
450013391,https://digital.blb-karlsruhe.de/3726082
450019324,https://digital.blb-karlsruhe.de/6068287
450036999,https://digital.blb-karlsruhe.de/3331329
450038000,https://digital.blb-karlsruhe.de/3331329
450013227,https://digital.blb-karlsruhe.de/3661073
450013224,https://digital.blb-karlsruhe.de/3661073
450013387,https://digital.blb-karlsruhe.de/4708346
450030015,https://digital.blb-karlsruhe.de/4014887
450013381,https://digital.blb-karlsruhe.de/4708346
450013380,https://digital.blb-karlsruhe.de/4708346
450038003,https://digital.blb-karlsruhe.de/3331329
450030014,https://digital.blb-karlsruhe.de/4014887
450034816,https://digital.blb-karlsruhe.de/6198833
450034822,https://digital.blb-karlsruhe.de/6198833
450034815,https://digital.blb-karlsruhe.de/6198833
450034823,https://digital.blb-karlsruhe.de/6198833
450034821,https://digital.blb-karlsruhe.de/6198833
450034819,https://digital.blb-karlsruhe.de/6198833
450034818,https://digital.blb-karlsruhe.de/6198833
450034812,https://digital.blb-karlsruhe.de/6198833
450034814,https://digital.blb-karlsruhe.de/6198833
450034817,https://digital.blb-karlsruhe.de/6198833
450034820,https://digital.blb-karlsruhe.de/6198833
450034813,https://digital.blb-karlsruhe.de/6198833
450030017,https://digital.blb-karlsruhe.de/4014887
450030013,https://digital.blb-karlsruhe.de/4014887
450030016,https://digital.blb-karlsruhe.de/4014887
450030018,https://digital.blb-karlsruhe.de/4014887
450030019,https://digital.blb-karlsruhe.de/4014887
450030012,https://digital.blb-karlsruhe.de/4014887
450018458,https://digital.blb-karlsruhe.de/5411122
453010827,https://digital.blb-karlsruhe.de/5705644
453010852,https://digital.blb-karlsruhe.de/5705644
453010894,https://digital.blb-karlsruhe.de/5705644
453010818,https://digital.blb-karlsruhe.de/5705644
450013382,https://digital.blb-karlsruhe.de/4708346
450013388,https://digital.blb-karlsruhe.de/4708346
453010840,https://digital.blb-karlsruhe.de/5705644
453010828,https://digital.blb-karlsruhe.de/5705644
453010822,https://digital.blb-karlsruhe.de/5705644
453010820,https://digital.blb-karlsruhe.de/5705644
453010904,https://digital.blb-karlsruhe.de/5705644
453010816,https://digital.blb-karlsruhe.de/5705644
453010906,https://digital.blb-karlsruhe.de/5705644
453010905,https://digital.blb-karlsruhe.de/5705644
453010903,https://digital.blb-karlsruhe.de/5705644
453010813,https://digital.blb-karlsruhe.de/5705644
453010900,https://digital.blb-karlsruhe.de/5705644
453010839,https://digital.blb-karlsruhe.de/5705644
450018576,https://digital.blb-karlsruhe.de/6068070
450038005,https://digital.blb-karlsruhe.de/3331329
450018579,https://digital.blb-karlsruhe.de/6068070
450018578,https://digital.blb-karlsruhe.de/6068070
450018580,https://digital.blb-karlsruhe.de/6068070
450018577,https://digital.blb-karlsruhe.de/6068070
453010858,https://digital.blb-karlsruhe.de/5705644
450018401,https://digital.blb-karlsruhe.de/4009446
450018402,https://digital.blb-karlsruhe.de/4009446
450038001,https://digital.blb-karlsruhe.de/3331329
450038002,https://digital.blb-karlsruhe.de/3331329
453010825,https://digital.blb-karlsruhe.de/5705644
450019509,https://digital.blb-karlsruhe.de/5434213
450019508,https://digital.blb-karlsruhe.de/5434213
450018587,https://digital.blb-karlsruhe.de/3909092
450018593,https://digital.blb-karlsruhe.de/3909092
450038479,https://digital.blb-karlsruhe.de/4988744
450038480,https://digital.blb-karlsruhe.de/4988744
450018590,https://digital.blb-karlsruhe.de/3909092
450018588,https://digital.blb-karlsruhe.de/3909092
450018591,https://digital.blb-karlsruhe.de/3909092
450018589,https://digital.blb-karlsruhe.de/3909092
450018592,https://digital.blb-karlsruhe.de/3909092
450018558,https://digital.blb-karlsruhe.de/5434274
450018559,https://digital.blb-karlsruhe.de/5434274
450018557,https://digital.blb-karlsruhe.de/5434274
450018770,https://digital.blb-karlsruhe.de/5032916
450013230,https://digital.blb-karlsruhe.de/3661073
450013223,https://digital.blb-karlsruhe.de/3661073
450013435,https://digital.blb-karlsruhe.de/4684746
450034869,https://digital.blb-karlsruhe.de/5033329
450034870,https://digital.blb-karlsruhe.de/5033329
450034872,https://digital.blb-karlsruhe.de/5033329
450034873,https://digital.blb-karlsruhe.de/5033329
450034871,https://digital.blb-karlsruhe.de/5033329
450034868,https://digital.blb-karlsruhe.de/5033329
450018006,https://digital.blb-karlsruhe.de/5033329
450018005,https://digital.blb-karlsruhe.de/5033329
450018779,https://digital.blb-karlsruhe.de/5032916
453010038,https://digital.blb-karlsruhe.de/5577481
453010044,https://digital.blb-karlsruhe.de/5577481
453010040,https://digital.blb-karlsruhe.de/5577481
453010041,https://digital.blb-karlsruhe.de/5577481
453010036,https://digital.blb-karlsruhe.de/5577481
453010042,https://digital.blb-karlsruhe.de/5577481
453010043,https://digital.blb-karlsruhe.de/5577481
453010039,https://digital.blb-karlsruhe.de/5577481
453010037,https://digital.blb-karlsruhe.de/5577481
453010045,https://digital.blb-karlsruhe.de/5577481
453010824,https://digital.blb-karlsruhe.de/5705644
450036721,https://digital.blb-karlsruhe.de/4716996
453010843,https://digital.blb-karlsruhe.de/5705644
450018459,https://digital.blb-karlsruhe.de/5411122
453010846,https://digital.blb-karlsruhe.de/5705644
450051265,https://digital.blb-karlsruhe.de/4009432
450051262,https://digital.blb-karlsruhe.de/4009432
450051264,https://digital.blb-karlsruhe.de/4009432
450051263,https://digital.blb-karlsruhe.de/4009432
453010832,https://digital.blb-karlsruhe.de/5705644
450032672,https://digital.blb-karlsruhe.de/3860296
450032674,https://digital.blb-karlsruhe.de/3860296
450032673,https://digital.blb-karlsruhe.de/3860296
450021759,https://digital.blb-karlsruhe.de/6068223 
450019344,https://digital.blb-karlsruhe.de/6068287
450036996,https://digital.blb-karlsruhe.de/3331329
453010850,https://digital.blb-karlsruhe.de/5705644
453010821,https://digital.blb-karlsruhe.de/5705644
453010851,https://digital.blb-karlsruhe.de/5705644
453010879,https://digital.blb-karlsruhe.de/5705644
453010853,https://digital.blb-karlsruhe.de/5705644
453010849,https://digital.blb-karlsruhe.de/5705644
453011177,https://digital.blb-karlsruhe.de/5388574
450036997,https://digital.blb-karlsruhe.de/3331329
450018767,https://digital.blb-karlsruhe.de/5032916
450021771,https://digital.blb-karlsruhe.de/6068223
450022940,https://digital.blb-karlsruhe.de/3936600
450018757,https://digital.blb-karlsruhe.de/5032916
450038006,https://digital.blb-karlsruhe.de/3331329
450036998,https://digital.blb-karlsruhe.de/3331329
450036991,https://digital.blb-karlsruhe.de/3331329
450018763,https://digital.blb-karlsruhe.de/5032916
450018768,https://digital.blb-karlsruhe.de/5032916
450018762,https://digital.blb-karlsruhe.de/5032916
450014114,https://digital.blb-karlsruhe.de/5374966
453010859,https://digital.blb-karlsruhe.de/5705644
450018760,https://digital.blb-karlsruhe.de/5032916
450029428,https://digital.blb-karlsruhe.de/4688617
450036626,https://digital.blb-karlsruhe.de/6068251
450036625,https://digital.blb-karlsruhe.de/6068251
450036623,https://digital.blb-karlsruhe.de/6068251
450036627,https://digital.blb-karlsruhe.de/6068251
450036624,https://digital.blb-karlsruhe.de/6068251
453010898,https://digital.blb-karlsruhe.de/5705644
450014110,https://digital.blb-karlsruhe.de/5374966
450021936,https://digital.blb-karlsruhe.de/5434266
450021937,https://digital.blb-karlsruhe.de/5434266
450021938,https://digital.blb-karlsruhe.de/5434266
450038415,https://digital.blb-karlsruhe.de/4684740
450038416,https://digital.blb-karlsruhe.de/4684740
453010873,https://digital.blb-karlsruhe.de/5705644
450019336,https://digital.blb-karlsruhe.de/6068283
450019338,https://digital.blb-karlsruhe.de/6068283
450019342,https://digital.blb-karlsruhe.de/6068283
450019337,https://digital.blb-karlsruhe.de/6068283
450018844,https://digital.blb-karlsruhe.de/6068161
450018818,https://digital.blb-karlsruhe.de/6047450
453010868,https://digital.blb-karlsruhe.de/5705644
453010845,https://digital.blb-karlsruhe.de/5705644
453010823,https://digital.blb-karlsruhe.de/5705644
450021809,https://digital.blb-karlsruhe.de/6068223
450018842,https://digital.blb-karlsruhe.de/6068161
450021757,https://digital.blb-karlsruhe.de/6068223
450021774,https://digital.blb-karlsruhe.de/6068223
453010817,https://digital.blb-karlsruhe.de/5705644
453010842,https://digital.blb-karlsruhe.de/5705644
453010836,https://digital.blb-karlsruhe.de/5705644
450014115,https://digital.blb-karlsruhe.de/5374966
450019418,https://digital.blb-karlsruhe.de/3661074
450019419,https://digital.blb-karlsruhe.de/3661074
450019420,https://digital.blb-karlsruhe.de/3661074
450019411,https://digital.blb-karlsruhe.de/3661074
450019412,https://digital.blb-karlsruhe.de/3661074
450019414,https://digital.blb-karlsruhe.de/3661074
450019415,https://digital.blb-karlsruhe.de/3661074
450019416,https://digital.blb-karlsruhe.de/3661074
450019417,https://digital.blb-karlsruhe.de/3661074
450019413,https://digital.blb-karlsruhe.de/3661074
450036364,https://digital.blb-karlsruhe.de/4578334
450036365,https://digital.blb-karlsruhe.de/4578334
450031989,https://digital.blb-karlsruhe.de/4564348
450031991,https://digital.blb-karlsruhe.de/4564348
450031994,https://digital.blb-karlsruhe.de/4564348
450031993,https://digital.blb-karlsruhe.de/4564348
450031992,https://digital.blb-karlsruhe.de/4564348
450031997,https://digital.blb-karlsruhe.de/4564348
450032000,https://digital.blb-karlsruhe.de/4564348
450031999,https://digital.blb-karlsruhe.de/4564348
450031998,https://digital.blb-karlsruhe.de/4564348
450031996,https://digital.blb-karlsruhe.de/4564348
450031995,https://digital.blb-karlsruhe.de/4564348
450032014,https://digital.blb-karlsruhe.de/4564348
450032013,https://digital.blb-karlsruhe.de/4564348
450032001,https://digital.blb-karlsruhe.de/4564348
450032002,https://digital.blb-karlsruhe.de/4564348
450032003,https://digital.blb-karlsruhe.de/4564348
450032004,https://digital.blb-karlsruhe.de/4564348
450014320,https://digital.blb-karlsruhe.de/4564348
450014317,https://digital.blb-karlsruhe.de/4564348
450032006,https://digital.blb-karlsruhe.de/4564348
450032007,https://digital.blb-karlsruhe.de/4564348
450032008,https://digital.blb-karlsruhe.de/4564348
450032009,https://digital.blb-karlsruhe.de/4564348
450032010,https://digital.blb-karlsruhe.de/4564348
450032005,https://digital.blb-karlsruhe.de/4564348
450032012,https://digital.blb-karlsruhe.de/4564348
450032011,https://digital.blb-karlsruhe.de/4564348
450031973,https://digital.blb-karlsruhe.de/4564348
450031972,https://digital.blb-karlsruhe.de/4564348
450031978,https://digital.blb-karlsruhe.de/4564348
450031977,https://digital.blb-karlsruhe.de/4564348
450031976,https://digital.blb-karlsruhe.de/4564348
450031975,https://digital.blb-karlsruhe.de/4564348
450031974,https://digital.blb-karlsruhe.de/4564348
450031971,https://digital.blb-karlsruhe.de/4564348
450031970,https://digital.blb-karlsruhe.de/4564348
450031969,https://digital.blb-karlsruhe.de/4564348
450031968,https://digital.blb-karlsruhe.de/4564348
450031967,https://digital.blb-karlsruhe.de/4564348
450031980,https://digital.blb-karlsruhe.de/4564348
450031982,https://digital.blb-karlsruhe.de/4564348
450031983,https://digital.blb-karlsruhe.de/4564348
450031984,https://digital.blb-karlsruhe.de/4564348
450031985,https://digital.blb-karlsruhe.de/4564348
450031986,https://digital.blb-karlsruhe.de/4564348
450031987,https://digital.blb-karlsruhe.de/4564348
450031990,https://digital.blb-karlsruhe.de/4564348
450031979,https://digital.blb-karlsruhe.de/4564348
450031981,https://digital.blb-karlsruhe.de/4564348
450031988,https://digital.blb-karlsruhe.de/4564348
450031963,https://digital.blb-karlsruhe.de/4564348
450031965,https://digital.blb-karlsruhe.de/4564348
450031966,https://digital.blb-karlsruhe.de/4564348
450031958,https://digital.blb-karlsruhe.de/4564348
450031957,https://digital.blb-karlsruhe.de/4564348
450031959,https://digital.blb-karlsruhe.de/4564348
450031960,https://digital.blb-karlsruhe.de/4564348
450031964,https://digital.blb-karlsruhe.de/4564348
450031962,https://digital.blb-karlsruhe.de/4564348
450031961,https://digital.blb-karlsruhe.de/4564348
450014300,https://digital.blb-karlsruhe.de/6068262
453010869,https://digital.blb-karlsruhe.de/5705644
450050770,https://digital.blb-karlsruhe.de/3985477
450050767,https://digital.blb-karlsruhe.de/3985477
450050773,https://digital.blb-karlsruhe.de/3985479
450050761,https://digital.blb-karlsruhe.de/3985476
450050763,https://digital.blb-karlsruhe.de/3985476
450050760,https://digital.blb-karlsruhe.de/3985476
450050772,https://digital.blb-karlsruhe.de/3985479
450050776,https://digital.blb-karlsruhe.de/3985479
450050764,https://digital.blb-karlsruhe.de/3985476
450050766,https://digital.blb-karlsruhe.de/3985477
450050771,https://digital.blb-karlsruhe.de/3985479
450050769,https://digital.blb-karlsruhe.de/3985477
450050775,https://digital.blb-karlsruhe.de/3985479
450050765,https://digital.blb-karlsruhe.de/3985477
450050768,https://digital.blb-karlsruhe.de/3985477
450050774,https://digital.blb-karlsruhe.de/3985479
450050762,https://digital.blb-karlsruhe.de/3985476
450050759,https://digital.blb-karlsruhe.de/3985476
450021765,https://digital.blb-karlsruhe.de/6068223
453010875,https://digital.blb-karlsruhe.de/5705644
450014191,https://digital.blb-karlsruhe.de/5216875
450014192,https://digital.blb-karlsruhe.de/5216875
450014116,https://digital.blb-karlsruhe.de/5374966
450021788,https://digital.blb-karlsruhe.de/6068223
450036719,https://digital.blb-karlsruhe.de/4716996
453010857,https://digital.blb-karlsruhe.de/5705644
453010893,https://digital.blb-karlsruhe.de/5705644
453010819,https://digital.blb-karlsruhe.de/5705644
450036536,https://digital.blb-karlsruhe.de/5411141
453010880,https://digital.blb-karlsruhe.de/5705644
453010892,https://digital.blb-karlsruhe.de/5705644
453010876,https://digital.blb-karlsruhe.de/5705644
453010863,https://digital.blb-karlsruhe.de/5705644
450036642,https://digital.blb-karlsruhe.de/4578354
450032680,https://digital.blb-karlsruhe.de/4578356
450018771,https://digital.blb-karlsruhe.de/5032916
450036643,https://digital.blb-karlsruhe.de/4578354
450036641,https://digital.blb-karlsruhe.de/4578354
450038007,https://digital.blb-karlsruhe.de/3331329
450038404,https://digital.blb-karlsruhe.de/4578354
450032679,https://digital.blb-karlsruhe.de/4578356
453010861,https://digital.blb-karlsruhe.de/5705644
450050941,https://digital.blb-karlsruhe.de/5309068
450050939,https://digital.blb-karlsruhe.de/5309068
450013228,https://digital.blb-karlsruhe.de/3661073
450021758,https://digital.blb-karlsruhe.de/6068223
453010847,https://digital.blb-karlsruhe.de/5705644
453010860,https://digital.blb-karlsruhe.de/5705644
450036992,https://digital.blb-karlsruhe.de/3331329
450050803,https://digital.blb-karlsruhe.de/4313125
450050805,https://digital.blb-karlsruhe.de/4313125
450050806,https://digital.blb-karlsruhe.de/4313125
450050804,https://digital.blb-karlsruhe.de/4313125
450050808,https://digital.blb-karlsruhe.de/4313125
450050807,https://digital.blb-karlsruhe.de/4313125
450018084,https://digital.blb-karlsruhe.de/5249145
450050907,https://digital.blb-karlsruhe.de/4783917
450050919,https://digital.blb-karlsruhe.de/4783917
450050914,https://digital.blb-karlsruhe.de/4783917
450050909,https://digital.blb-karlsruhe.de/4783917
450050921,https://digital.blb-karlsruhe.de/4783917
450050918,https://digital.blb-karlsruhe.de/4783917
450050915,https://digital.blb-karlsruhe.de/4783917
450050910,https://digital.blb-karlsruhe.de/4783917
450050911,https://digital.blb-karlsruhe.de/4783917
450050905,https://digital.blb-karlsruhe.de/4783917
450050917,https://digital.blb-karlsruhe.de/4783917
450050916,https://digital.blb-karlsruhe.de/4783917
450050920,https://digital.blb-karlsruhe.de/4783917
450050908,https://digital.blb-karlsruhe.de/4783917
450050912,https://digital.blb-karlsruhe.de/4783917
450050906,https://digital.blb-karlsruhe.de/4783917
450050922,https://digital.blb-karlsruhe.de/4783917
450050913,https://digital.blb-karlsruhe.de/4783917
453010887,https://digital.blb-karlsruhe.de/5705644
450014188,https://digital.blb-karlsruhe.de/5216875
450036304,https://digital.blb-karlsruhe.de/5486882
450051131,https://digital.blb-karlsruhe.de/5100326
450051132,https://digital.blb-karlsruhe.de/5100326
450021814,https://digital.blb-karlsruhe.de/6068223
453010878,https://digital.blb-karlsruhe.de/5705644
453010815,https://digital.blb-karlsruhe.de/5705644
453010833,https://digital.blb-karlsruhe.de/5705644
450014124,https://digital.blb-karlsruhe.de/4708342
453010901,https://digital.blb-karlsruhe.de/5705644
453010890,https://digital.blb-karlsruhe.de/5705644
453010881,https://digital.blb-karlsruhe.de/5705644
450021813,https://digital.blb-karlsruhe.de/6068223
450029278,https://digital.blb-karlsruhe.de/3661073
453010856,https://digital.blb-karlsruhe.de/5705644
453010882,https://digital.blb-karlsruhe.de/5705644
453010245,https://digital.blb-karlsruhe.de/5029553
453010889,https://digital.blb-karlsruhe.de/5705644
453010280,https://digital.blb-karlsruhe.de/5029553
453010266,https://digital.blb-karlsruhe.de/5029553
453010260,https://digital.blb-karlsruhe.de/5029553
453010268,https://digital.blb-karlsruhe.de/5029553
453010272,https://digital.blb-karlsruhe.de/5029553
453010252,https://digital.blb-karlsruhe.de/5029553
453010269,https://digital.blb-karlsruhe.de/5029553
453008697,https://digital.blb-karlsruhe.de/6199059
453008698,https://digital.blb-karlsruhe.de/6199059
453010247,https://digital.blb-karlsruhe.de/5029553
453010250,https://digital.blb-karlsruhe.de/5029553
453010253,https://digital.blb-karlsruhe.de/5029553
453010262,https://digital.blb-karlsruhe.de/5029553
453010891,https://digital.blb-karlsruhe.de/5705644
453010249,https://digital.blb-karlsruhe.de/5029553
453010239,https://digital.blb-karlsruhe.de/5029553
453010277,https://digital.blb-karlsruhe.de/5029553
453010241,https://digital.blb-karlsruhe.de/5029553
453010909,https://digital.blb-karlsruhe.de/5705644
453010289,https://digital.blb-karlsruhe.de/5029553
453010288,https://digital.blb-karlsruhe.de/5029553
453010275,https://digital.blb-karlsruhe.de/5029553
453010259,https://digital.blb-karlsruhe.de/5029553
453011164,https://digital.blb-karlsruhe.de/5577468
453010274,https://digital.blb-karlsruhe.de/5029553
453010265,https://digital.blb-karlsruhe.de/5029553
453010264,https://digital.blb-karlsruhe.de/5029553
453010287,https://digital.blb-karlsruhe.de/5029553
453010283,https://digital.blb-karlsruhe.de/5029553
453010281,https://digital.blb-karlsruhe.de/5029553
453010243,https://digital.blb-karlsruhe.de/5029553
453010246,https://digital.blb-karlsruhe.de/5029553
453010273,https://digital.blb-karlsruhe.de/5029553
453010278,https://digital.blb-karlsruhe.de/5029553
453010254,https://digital.blb-karlsruhe.de/5029553
453010255,https://digital.blb-karlsruhe.de/5029553
453010257,https://digital.blb-karlsruhe.de/5029553
453010261,https://digital.blb-karlsruhe.de/5029553
453010276,https://digital.blb-karlsruhe.de/5029553
453010282,https://digital.blb-karlsruhe.de/5029553
453010286,https://digital.blb-karlsruhe.de/5029553
453010251,https://digital.blb-karlsruhe.de/5029553
453010829,https://digital.blb-karlsruhe.de/5705644
453010835,https://digital.blb-karlsruhe.de/5705644
453010910,https://digital.blb-karlsruhe.de/5705644
453010874,https://digital.blb-karlsruhe.de/5705644
453010895,https://digital.blb-karlsruhe.de/5705644
453010897,https://digital.blb-karlsruhe.de/5705644
453010867,https://digital.blb-karlsruhe.de/5705644
453010862,https://digital.blb-karlsruhe.de/5705644
453010267,https://digital.blb-karlsruhe.de/5029553
453010279,https://digital.blb-karlsruhe.de/5029553
453010240,https://digital.blb-karlsruhe.de/5029553
453010242,https://digital.blb-karlsruhe.de/5029553
453010834,https://digital.blb-karlsruhe.de/5705644
450014125,https://digital.blb-karlsruhe.de/4708342
450030306,https://digital.blb-karlsruhe.de/4323651
450031925,https://digital.blb-karlsruhe.de/4564348
450031930,https://digital.blb-karlsruhe.de/4564348
450031929,https://digital.blb-karlsruhe.de/4564348
450031943,https://digital.blb-karlsruhe.de/4564348
450014328,https://digital.blb-karlsruhe.de/4564348
450031928,https://digital.blb-karlsruhe.de/4564348
450031864,https://digital.blb-karlsruhe.de/4761830
450031847,https://digital.blb-karlsruhe.de/4761830
450014012,https://digital.blb-karlsruhe.de/4761830
450014323,https://digital.blb-karlsruhe.de/4564348
450014013,https://digital.blb-karlsruhe.de/4761830
450014014,https://digital.blb-karlsruhe.de/4761830
450031853,https://digital.blb-karlsruhe.de/4761830
450031850,https://digital.blb-karlsruhe.de/4761830
450031951,https://digital.blb-karlsruhe.de/4564348
450031954,https://digital.blb-karlsruhe.de/4564348
450031950,https://digital.blb-karlsruhe.de/4564348
450031949,https://digital.blb-karlsruhe.de/4564348
450031927,https://digital.blb-karlsruhe.de/4564348
450020226,https://digital.blb-karlsruhe.de/4564346
450021799,https://digital.blb-karlsruhe.de/6068223
450019329,https://digital.blb-karlsruhe.de/6068283
450018772,https://digital.blb-karlsruhe.de/5032916
450014112,https://digital.blb-karlsruhe.de/5374966
450019456,https://digital.blb-karlsruhe.de/5253335
450019458,https://digital.blb-karlsruhe.de/5253335
450019459,https://digital.blb-karlsruhe.de/5253335
450019464,https://digital.blb-karlsruhe.de/5253335
450019465,https://digital.blb-karlsruhe.de/5253335
450019460,https://digital.blb-karlsruhe.de/5253335
450019462,https://digital.blb-karlsruhe.de/5253335
450030160,https://digital.blb-karlsruhe.de/4564364
450021801,https://digital.blb-karlsruhe.de/6068223
450029307,https://digital.blb-karlsruhe.de/3726025
450014295,https://digital.blb-karlsruhe.de/6068262
450014296,https://digital.blb-karlsruhe.de/6068262
450038389,https://digital.blb-karlsruhe.de/5577445
450031912,https://digital.blb-karlsruhe.de/5255634
450031914,https://digital.blb-karlsruhe.de/5255634
450031911,https://digital.blb-karlsruhe.de/5255634
450018773,https://digital.blb-karlsruhe.de/5032916
450020228,https://digital.blb-karlsruhe.de/4564346
450021764,https://digital.blb-karlsruhe.de/6068223
450018776,https://digital.blb-karlsruhe.de/5032916
450019347,https://digital.blb-karlsruhe.de/6068283
450014122,https://digital.blb-karlsruhe.de/4708342
450019320,https://digital.blb-karlsruhe.de/6068283
450018774,https://digital.blb-karlsruhe.de/5032916
450019319,https://digital.blb-karlsruhe.de/6068283
450014297,https://digital.blb-karlsruhe.de/6068262
450019318,https://digital.blb-karlsruhe.de/6068283
450014293,https://digital.blb-karlsruhe.de/6068262
450050066,https://digital.blb-karlsruhe.de/6068262
450038387,https://digital.blb-karlsruhe.de/5577445
450018228,https://digital.blb-karlsruhe.de/5374947
450021789,https://digital.blb-karlsruhe.de/6068223
450029427,https://digital.blb-karlsruhe.de/4688617
450019325,https://digital.blb-karlsruhe.de/6068283
450019463,https://digital.blb-karlsruhe.de/5253335
450030663,https://digital.blb-karlsruhe.de/5091308
450030662,https://digital.blb-karlsruhe.de/5091308
450021777,https://digital.blb-karlsruhe.de/6068223
450019343,https://digital.blb-karlsruhe.de/6068283
450018766,https://digital.blb-karlsruhe.de/5032916
450019323,https://digital.blb-karlsruhe.de/6068283
450021770,https://digital.blb-karlsruhe.de/6068223
450019333,https://digital.blb-karlsruhe.de/6068283
450013225,https://digital.blb-karlsruhe.de/3661073
450014120,https://digital.blb-karlsruhe.de/4708342
450021812,https://digital.blb-karlsruhe.de/6068223
450018575,https://digital.blb-karlsruhe.de/6068070
450036494,https://digital.blb-karlsruhe.de/43109
450038388,https://digital.blb-karlsruhe.de/5577445
450038393,https://digital.blb-karlsruhe.de/4864440
450020229,https://digital.blb-karlsruhe.de/4564346
450029426,https://digital.blb-karlsruhe.de/4688617
450014294,https://digital.blb-karlsruhe.de/6068262
450019349,https://digital.blb-karlsruhe.de/6068283
450014298,https://digital.blb-karlsruhe.de/6068262
450014009,https://digital.blb-karlsruhe.de/4761830
450014439,https://digital.blb-karlsruhe.de/4564363
450020227,https://digital.blb-karlsruhe.de/4564346
450021810,https://digital.blb-karlsruhe.de/6068223
450019326,https://digital.blb-karlsruhe.de/6068283
450021807,https://digital.blb-karlsruhe.de/6068223
450021795,https://digital.blb-karlsruhe.de/6068223
450014113,https://digital.blb-karlsruhe.de/5374966
450021775,https://digital.blb-karlsruhe.de/6068223
450021804,https://digital.blb-karlsruhe.de/6068223
450021802,https://digital.blb-karlsruhe.de/6068223
450021816,https://digital.blb-karlsruhe.de/6068223
450021782,https://digital.blb-karlsruhe.de/6068223
450019350,https://digital.blb-karlsruhe.de/6068283
450019346,https://digital.blb-karlsruhe.de/6068283
450019473,https://digital.blb-karlsruhe.de/4564360
450014121,https://digital.blb-karlsruhe.de/4708342
450030150,https://digital.blb-karlsruhe.de/4887809
450030151,https://digital.blb-karlsruhe.de/4887809
450030149,https://digital.blb-karlsruhe.de/4887809
450030148,https://digital.blb-karlsruhe.de/4887809
450021803,https://digital.blb-karlsruhe.de/6068223
450030158,https://digital.blb-karlsruhe.de/4564364
450032038,https://digital.blb-karlsruhe.de/4564362
450038395,https://digital.blb-karlsruhe.de/4864440
450029305,https://digital.blb-karlsruhe.de/3726025
450021763,https://digital.blb-karlsruhe.de/6068223
450021783,https://digital.blb-karlsruhe.de/6068223
450018820,https://digital.blb-karlsruhe.de/6047450
450031922,https://digital.blb-karlsruhe.de/4564348
450018227,https://digital.blb-karlsruhe.de/5374947
450014016,https://digital.blb-karlsruhe.de/4761830
450051297,https://digital.blb-karlsruhe.de/5032916
450031841,https://digital.blb-karlsruhe.de/4761830
450014437,https://digital.blb-karlsruhe.de/4564363
450031881,https://digital.blb-karlsruhe.de/4761830
450031878,https://digital.blb-karlsruhe.de/4761830
450031877,https://digital.blb-karlsruhe.de/4761830
450032037,https://digital.blb-karlsruhe.de/4564362
450030167,https://digital.blb-karlsruhe.de/4564364
450030166,https://digital.blb-karlsruhe.de/4564364
450030163,https://digital.blb-karlsruhe.de/4564364
450030159,https://digital.blb-karlsruhe.de/4564364
450030157,https://digital.blb-karlsruhe.de/4564364
450032034,https://digital.blb-karlsruhe.de/4564362
450031940,https://digital.blb-karlsruhe.de/4564348
450030172,https://digital.blb-karlsruhe.de/4564364
450018756,https://digital.blb-karlsruhe.de/5032916
450021794,https://digital.blb-karlsruhe.de/6068223
450021791,https://digital.blb-karlsruhe.de/6068223
450021761,https://digital.blb-karlsruhe.de/6068223
450021800,https://digital.blb-karlsruhe.de/6068223
450021778,https://digital.blb-karlsruhe.de/6068223
450019461,https://digital.blb-karlsruhe.de/5253335
450021793,https://digital.blb-karlsruhe.de/6068223
450020230,https://digital.blb-karlsruhe.de/4564346
450019321,https://digital.blb-karlsruhe.de/6068283
450019322,https://digital.blb-karlsruhe.de/6068283
450021768,https://digital.blb-karlsruhe.de/6068223
450031913,https://digital.blb-karlsruhe.de/5255634
450031910,https://digital.blb-karlsruhe.de/5255634
450030170,https://digital.blb-karlsruhe.de/4564364
450036701,https://digital.blb-karlsruhe.de/4716996
450036715,https://digital.blb-karlsruhe.de/4716996
450036716,https://digital.blb-karlsruhe.de/4716996
450036714,https://digital.blb-karlsruhe.de/4716996
450036705,https://digital.blb-karlsruhe.de/4716996
450036702,https://digital.blb-karlsruhe.de/4716996
450036708,https://digital.blb-karlsruhe.de/4716996
450036711,https://digital.blb-karlsruhe.de/4716996
450036717,https://digital.blb-karlsruhe.de/4716996
450036718,https://digital.blb-karlsruhe.de/4716996
450036713,https://digital.blb-karlsruhe.de/4716996
450036710,https://digital.blb-karlsruhe.de/4716996
450036706,https://digital.blb-karlsruhe.de/4716996
450036712,https://digital.blb-karlsruhe.de/4716996
450036709,https://digital.blb-karlsruhe.de/4716996
450036699,https://digital.blb-karlsruhe.de/4716996
450036704,https://digital.blb-karlsruhe.de/4716996
450036703,https://digital.blb-karlsruhe.de/4716996
450036720,https://digital.blb-karlsruhe.de/4716996
450036700,https://digital.blb-karlsruhe.de/4716996
450036707,https://digital.blb-karlsruhe.de/4716996
450014299,https://digital.blb-karlsruhe.de/6068262
450018778,https://digital.blb-karlsruhe.de/5032916
450018817,https://digital.blb-karlsruhe.de/6047450
450019328,https://digital.blb-karlsruhe.de/6068283
450021769,https://digital.blb-karlsruhe.de/6068223
450019331,https://digital.blb-karlsruhe.de/6068283
450019457,https://digital.blb-karlsruhe.de/5253335
450019455,https://digital.blb-karlsruhe.de/5253335
450050065,https://digital.blb-karlsruhe.de/6068262
450014111,https://digital.blb-karlsruhe.de/5374966
450030161,https://digital.blb-karlsruhe.de/4564364
450030169,https://digital.blb-karlsruhe.de/4564364
450030171,https://digital.blb-karlsruhe.de/4564364
450032035,https://digital.blb-karlsruhe.de/4564362
450032036,https://digital.blb-karlsruhe.de/4564362
450030165,https://digital.blb-karlsruhe.de/4564364
450030164,https://digital.blb-karlsruhe.de/4564364
450030162,https://digital.blb-karlsruhe.de/4564364
450030168,https://digital.blb-karlsruhe.de/4564364
450018782,https://digital.blb-karlsruhe.de/5032916
450021792,https://digital.blb-karlsruhe.de/6068223
450018777,https://digital.blb-karlsruhe.de/5032916
450019348,https://digital.blb-karlsruhe.de/6068283
450021780,https://digital.blb-karlsruhe.de/6068223
450018819,https://digital.blb-karlsruhe.de/6047450
450031845,https://digital.blb-karlsruhe.de/4761830
450031865,https://digital.blb-karlsruhe.de/4761830
450031855,https://digital.blb-karlsruhe.de/4761830
450031879,https://digital.blb-karlsruhe.de/4761830
450014015,https://digital.blb-karlsruhe.de/4761830
450014319,https://digital.blb-karlsruhe.de/4564348
450018759,https://digital.blb-karlsruhe.de/5032916
450014313,https://digital.blb-karlsruhe.de/4564348
450014315,https://digital.blb-karlsruhe.de/4564348
450038390,https://digital.blb-karlsruhe.de/5577445
450021786,https://digital.blb-karlsruhe.de/6068223
450019471,https://digital.blb-karlsruhe.de/4564360
450021767,https://digital.blb-karlsruhe.de/6068223
450019327,https://digital.blb-karlsruhe.de/6068283
450021815,https://digital.blb-karlsruhe.de/6068223
450029306,https://digital.blb-karlsruhe.de/3726025
450030305,https://digital.blb-karlsruhe.de/4323651
450019332,https://digital.blb-karlsruhe.de/6068283
450021772,https://digital.blb-karlsruhe.de/6068223
450014322,https://digital.blb-karlsruhe.de/4564348
450014190,https://digital.blb-karlsruhe.de/5216875
450014119,https://digital.blb-karlsruhe.de/4708342
450018781,https://digital.blb-karlsruhe.de/5032916
450031840,https://digital.blb-karlsruhe.de/4761830
450021784,https://digital.blb-karlsruhe.de/6068223
450018775,https://digital.blb-karlsruhe.de/5032916
450036628,https://digital.blb-karlsruhe.de/6068251
450018229,https://digital.blb-karlsruhe.de/5374947
450021779,https://digital.blb-karlsruhe.de/6068223
450014316,https://digital.blb-karlsruhe.de/4564348
450014325,https://digital.blb-karlsruhe.de/4564348
450031933,https://digital.blb-karlsruhe.de/4564348
450031936,https://digital.blb-karlsruhe.de/4564348
450031937,https://digital.blb-karlsruhe.de/4564348
450031931,https://digital.blb-karlsruhe.de/4564348
450031935,https://digital.blb-karlsruhe.de/4564348
450031934,https://digital.blb-karlsruhe.de/4564348
450031918,https://digital.blb-karlsruhe.de/4564348
450031919,https://digital.blb-karlsruhe.de/4564348
450014318,https://digital.blb-karlsruhe.de/4564348
450019472,https://digital.blb-karlsruhe.de/4564360
450019470,https://digital.blb-karlsruhe.de/4564360
450019474,https://digital.blb-karlsruhe.de/4564360
450014438,https://digital.blb-karlsruhe.de/4564363
450031938,https://digital.blb-karlsruhe.de/4564348
450031876,https://digital.blb-karlsruhe.de/4761830
450031875,https://digital.blb-karlsruhe.de/4761830
450031874,https://digital.blb-karlsruhe.de/4761830
450031873,https://digital.blb-karlsruhe.de/4761830
450031871,https://digital.blb-karlsruhe.de/4761830
450031870,https://digital.blb-karlsruhe.de/4761830
450031869,https://digital.blb-karlsruhe.de/4761830
450031868,https://digital.blb-karlsruhe.de/4761830
450031867,https://digital.blb-karlsruhe.de/4761830
450030211,https://digital.blb-karlsruhe.de/3847681
450031866,https://digital.blb-karlsruhe.de/4761830
450031863,https://digital.blb-karlsruhe.de/4761830
450031862,https://digital.blb-karlsruhe.de/4761830
450031861,https://digital.blb-karlsruhe.de/4761830
450031860,https://digital.blb-karlsruhe.de/4761830
450031854,https://digital.blb-karlsruhe.de/4761830
450031852,https://digital.blb-karlsruhe.de/4761830
450031851,https://digital.blb-karlsruhe.de/4761830
450031849,https://digital.blb-karlsruhe.de/4761830
450031848,https://digital.blb-karlsruhe.de/4761830
450031844,https://digital.blb-karlsruhe.de/4761830
450031843,https://digital.blb-karlsruhe.de/4761830
450031842,https://digital.blb-karlsruhe.de/4761830
450031839,https://digital.blb-karlsruhe.de/4761830
450014017,https://digital.blb-karlsruhe.de/4761830
450014011,https://digital.blb-karlsruhe.de/4761830
450014010,https://digital.blb-karlsruhe.de/4761830
450014008,https://digital.blb-karlsruhe.de/4761830
450030207,https://digital.blb-karlsruhe.de/3847681
450031859,https://digital.blb-karlsruhe.de/4761830
450031880,https://digital.blb-karlsruhe.de/4761830
450030208,https://digital.blb-karlsruhe.de/3847681
450030210,https://digital.blb-karlsruhe.de/3847681
450030209,https://digital.blb-karlsruhe.de/3847681
450031872,https://digital.blb-karlsruhe.de/4761830
450050067,https://digital.blb-karlsruhe.de/6068262
450014392,https://digital.blb-karlsruhe.de/5255631
450031857,https://digital.blb-karlsruhe.de/4761830
450031858,https://digital.blb-karlsruhe.de/4761830
450036995,https://digital.blb-karlsruhe.de/3331329
450019330,https://digital.blb-karlsruhe.de/6068283
450018765,https://digital.blb-karlsruhe.de/5032916
450013226,https://digital.blb-karlsruhe.de/3661073
450014327,https://digital.blb-karlsruhe.de/4564348
450019454,https://digital.blb-karlsruhe.de/5253335
450038394,https://digital.blb-karlsruhe.de/4864440
450021787,https://digital.blb-karlsruhe.de/6068223
450031941,https://digital.blb-karlsruhe.de/4564348
450031946,https://digital.blb-karlsruhe.de/4564348
450031955,https://digital.blb-karlsruhe.de/4564348
450031952,https://digital.blb-karlsruhe.de/4564348
450031956,https://digital.blb-karlsruhe.de/4564348
450031926,https://digital.blb-karlsruhe.de/4564348
450031932,https://digital.blb-karlsruhe.de/4564348
450031856,https://digital.blb-karlsruhe.de/4761830
450031846,https://digital.blb-karlsruhe.de/4761830
450014324,https://digital.blb-karlsruhe.de/4564348
450014321,https://digital.blb-karlsruhe.de/4564348
450031939,https://digital.blb-karlsruhe.de/4564348
450014326,https://digital.blb-karlsruhe.de/4564348
450031944,https://digital.blb-karlsruhe.de/4564348
450031953,https://digital.blb-karlsruhe.de/4564348
450031945,https://digital.blb-karlsruhe.de/4564348
450031942,https://digital.blb-karlsruhe.de/4564348
450031920,https://digital.blb-karlsruhe.de/4564348
450031921,https://digital.blb-karlsruhe.de/4564348
450031924,https://digital.blb-karlsruhe.de/4564348
450031947,https://digital.blb-karlsruhe.de/4564348
450031923,https://digital.blb-karlsruhe.de/4564348
450031948,https://digital.blb-karlsruhe.de/4564348
450014387,https://digital.blb-karlsruhe.de/5235750
1001108281,https://digital.blb-karlsruhe.de/6332496
1001143298,https://digital.blb-karlsruhe.de/6632101
1001143332,https://digital.blb-karlsruhe.de/6632102
1001076159,https://digital.blb-karlsruhe.de/7123662
1001076162,https://digital.blb-karlsruhe.de/7123661
1001143289,https://digital.blb-karlsruhe.de/6632100
1001143354,https://digital.blb-karlsruhe.de/6637032
1001143358,https://digital.blb-karlsruhe.de/6637059
1001108389,https://digital.blb-karlsruhe.de/6332496
450014170,https://digital.blb-karlsruhe.de/3746678
1001108981,https://digital.blb-karlsruhe.de/4564348
1001108257,https://digital.blb-karlsruhe.de/6332496
450018722,https://digital.blb-karlsruhe.de/421873
450038358,https://digital.blb-karlsruhe.de/4887810
450018441,https://digital.blb-karlsruhe.de/348084
1001013510,https://digital.blb-karlsruhe.de/5223763
1001013512,https://digital.blb-karlsruhe.de/5223763
1001013514,https://digital.blb-karlsruhe.de/5223764
1001013516,https://digital.blb-karlsruhe.de/5223764
1001013517,https://digital.blb-karlsruhe.de/5223764
1001013518,https://digital.blb-karlsruhe.de/5223764
1001013526,https://digital.blb-karlsruhe.de/5223769
1001013527,https://digital.blb-karlsruhe.de/5223769
1001108997,https://digital.blb-karlsruhe.de/6337819
1001108201,https://digital.blb-karlsruhe.de/6332496
1001109014,https://digital.blb-karlsruhe.de/6334003
1001108371,https://digital.blb-karlsruhe.de/6332496
1001108365,https://digital.blb-karlsruhe.de/6332496
1001108362,https://digital.blb-karlsruhe.de/6332496
1001108345,https://digital.blb-karlsruhe.de/6332496
1001108343,https://digital.blb-karlsruhe.de/6332496
1001108340,https://digital.blb-karlsruhe.de/6332496
1001108331,https://digital.blb-karlsruhe.de/6332496
1001108330,https://digital.blb-karlsruhe.de/6332496
1001108326,https://digital.blb-karlsruhe.de/6332496
1001108319,https://digital.blb-karlsruhe.de/6332496
1001108251,https://digital.blb-karlsruhe.de/6332496
1001143300,https://digital.blb-karlsruhe.de/6634205
1001143352,https://digital.blb-karlsruhe.de/6639478
453007052,https://digital.blb-karlsruhe.de/4823749
453007053,https://digital.blb-karlsruhe.de/4823749
453007058,https://digital.blb-karlsruhe.de/4823758
453007059,https://digital.blb-karlsruhe.de/4823758
453008004,https://digital.blb-karlsruhe.de/4823760
453008006,https://digital.blb-karlsruhe.de/4823760
453008009,https://digital.blb-karlsruhe.de/4823759
453008010,https://digital.blb-karlsruhe.de/4823759
455038420,https://digital.blb-karlsruhe.de/7546806 
1001073481,https://digital.blb-karlsruhe.de/6884873
453003962,https://digital.blb-karlsruhe.de/3301152
453003963,https://digital.blb-karlsruhe.de/3301152
453003964,https://digital.blb-karlsruhe.de/3301152
453003966,https://digital.blb-karlsruhe.de/3301152
453003967,https://digital.blb-karlsruhe.de/3301152
453006863,https://digital.blb-karlsruhe.de/3311301
453006886,https://digital.blb-karlsruhe.de/3311310
453006887,https://digital.blb-karlsruhe.de/3311310
453003881,https://digital.blb-karlsruhe.de/6113743
453003899,https://digital.blb-karlsruhe.de/3294966
453010956,https://digital.blb-karlsruhe.de/3294966
453003880,https://digital.blb-karlsruhe.de/6113743
455038388,https://digital.blb-karlsruhe.de/7546806 
455038404,https://digital.blb-karlsruhe.de/7546806 
1001073612,https://digital.blb-karlsruhe.de/6885415 
1001073798,https://digital.blb-karlsruhe.de/6872424 
453003965,https://digital.blb-karlsruhe.de/3301152
455038400,https://digital.blb-karlsruhe.de/7546806 
455038413,https://digital.blb-karlsruhe.de/7546806 
1001080587,https://digital.blb-karlsruhe.de/6910150 
1001080263,https://digital.blb-karlsruhe.de/6907130 
455038394,https://digital.blb-karlsruhe.de/7546806 
1001070377,https://digital.blb-karlsruhe.de/6872402 
1001070468,https://digital.blb-karlsruhe.de/6872403 
1001070469,https://digital.blb-karlsruhe.de/6872403 
1001070471,https://digital.blb-karlsruhe.de/6872403 
1001070472,https://digital.blb-karlsruhe.de/6872403 
1001070902,https://digital.blb-karlsruhe.de/6878176
1001070947,https://digital.blb-karlsruhe.de/6878180
1001071191,https://digital.blb-karlsruhe.de/6878188
1001071233,https://digital.blb-karlsruhe.de/6878196 
1001071235,https://digital.blb-karlsruhe.de/6878184 
1001071238,https://digital.blb-karlsruhe.de/6878197 
1001071241,https://digital.blb-karlsruhe.de/6878198 
1001071243,https://digital.blb-karlsruhe.de/6878200 
1001071322,https://digital.blb-karlsruhe.de/6878184 
1001071324,https://digital.blb-karlsruhe.de/6878184 
1001071436,https://digital.blb-karlsruhe.de/6878192 
1001071741,https://digital.blb-karlsruhe.de/6878211
1001071743,https://digital.blb-karlsruhe.de/6878207
1001071791,https://digital.blb-karlsruhe.de/6878208 
1001071810,https://digital.blb-karlsruhe.de/6878209 
1001071842,https://digital.blb-karlsruhe.de/6878222 
1001071851,https://digital.blb-karlsruhe.de/6878218 
1001071852,https://digital.blb-karlsruhe.de/6878219 
1001071855,https://digital.blb-karlsruhe.de/6878220 
1001072012,https://digital.blb-karlsruhe.de/6872414 
1001072130,https://digital.blb-karlsruhe.de/6872417 
1001072140,https://digital.blb-karlsruhe.de/6872421 
1001072154,https://digital.blb-karlsruhe.de/6872426 
1001072173,https://digital.blb-karlsruhe.de/6878229 
1001072291,https://digital.blb-karlsruhe.de/6878230 
1001072375,https://digital.blb-karlsruhe.de/6891738 
1001072376,https://digital.blb-karlsruhe.de/6891739
1001072377,https://digital.blb-karlsruhe.de/6891740
1001072379,https://digital.blb-karlsruhe.de/6891741 
1001072380,https://digital.blb-karlsruhe.de/6891750 
1001072383,https://digital.blb-karlsruhe.de/6878231   
1001072388,https://digital.blb-karlsruhe.de/6878232 
1001072435,https://digital.blb-karlsruhe.de/6878233 
1001072441,https://digital.blb-karlsruhe.de/6878234 
1001072478,https://digital.blb-karlsruhe.de/6891742 
1001072507,https://digital.blb-karlsruhe.de/6891743 
1001072527,https://digital.blb-karlsruhe.de/6891744 
1001072618,https://digital.blb-karlsruhe.de/6891748 
1001072699,https://digital.blb-karlsruhe.de/6891747 
1001072702,https://digital.blb-karlsruhe.de/6891746 
1001072704,https://digital.blb-karlsruhe.de/6891745 
1001072750,https://digital.blb-karlsruhe.de/6884859 
1001072763,https://digital.blb-karlsruhe.de/6872446 
1001072831,https://digital.blb-karlsruhe.de/6884860
1001072832,https://digital.blb-karlsruhe.de/6884861 
1001072833,https://digital.blb-karlsruhe.de/6884862 
1001073066,https://digital.blb-karlsruhe.de/6884863 
1001073131,https://digital.blb-karlsruhe.de/6884864 
1001073169,https://digital.blb-karlsruhe.de/6884864 
1001073171,https://digital.blb-karlsruhe.de/6884864 
1001073172,https://digital.blb-karlsruhe.de/6884864 
1001073173,https://digital.blb-karlsruhe.de/6884864 
1001073303,https://digital.blb-karlsruhe.de/6884865 
1001073317,https://digital.blb-karlsruhe.de/6884866 
1001073370,https://digital.blb-karlsruhe.de/6884868 
1001073380,https://digital.blb-karlsruhe.de/6884869 
1001073383,https://digital.blb-karlsruhe.de/6884871 
1001073412,https://digital.blb-karlsruhe.de/6884871 
1001073424,https://digital.blb-karlsruhe.de/6884871 
1001073439,https://digital.blb-karlsruhe.de/6884872 
1001073449,https://digital.blb-karlsruhe.de/6872461 
1001073463,https://digital.blb-karlsruhe.de/6872462 
1001073484,https://digital.blb-karlsruhe.de/6884873 
1001073493,https://digital.blb-karlsruhe.de/6884867 
1001073548,https://digital.blb-karlsruhe.de/6884908 
1001073562,https://digital.blb-karlsruhe.de/6884909 
1001073567,https://digital.blb-karlsruhe.de/6884910 
1001073608,https://digital.blb-karlsruhe.de/6872463 
1001073613,https://digital.blb-karlsruhe.de/6885416 
1001073614,https://digital.blb-karlsruhe.de/6885416 
1001073616,https://digital.blb-karlsruhe.de/6885416 
1001073617,https://digital.blb-karlsruhe.de/6885416 
1001073618,https://digital.blb-karlsruhe.de/6885416 
1001073619,https://digital.blb-karlsruhe.de/6885416 
1001073702,https://digital.blb-karlsruhe.de/6872419 
1001073704,https://digital.blb-karlsruhe.de/6884870 
1001073706,https://digital.blb-karlsruhe.de/6872418 
1001073713,https://digital.blb-karlsruhe.de/6872415 
1001073716,https://digital.blb-karlsruhe.de/6872416 
1001073746,https://digital.blb-karlsruhe.de/6872422 
1001073747,https://digital.blb-karlsruhe.de/6872423 
1001073815,https://digital.blb-karlsruhe.de/6872427 
1001073817,https://digital.blb-karlsruhe.de/6872428 
1001073823,https://digital.blb-karlsruhe.de/6872420 
1001074081,https://digital.blb-karlsruhe.de/6885560 
1001074094,https://digital.blb-karlsruhe.de/6885561 
1001074123,https://digital.blb-karlsruhe.de/6885562
1001074129,https://digital.blb-karlsruhe.de/6890244 
1001074130,https://digital.blb-karlsruhe.de/6890244 
1001074131,https://digital.blb-karlsruhe.de/6890244
1001074132,https://digital.blb-karlsruhe.de/6890244 
1001074336,https://digital.blb-karlsruhe.de/6885417 
1001074340,https://digital.blb-karlsruhe.de/6885417 
1001074347,https://digital.blb-karlsruhe.de/6885417 
1001074469,https://digital.blb-karlsruhe.de/6885565 
1001074472,https://digital.blb-karlsruhe.de/6885565 
1001074473,https://digital.blb-karlsruhe.de/6885565
1001074482,https://digital.blb-karlsruhe.de/6885566
1001074485,https://digital.blb-karlsruhe.de/6885564 
1001074487,https://digital.blb-karlsruhe.de/6885563 
1001074489,https://digital.blb-karlsruhe.de/6885567 
1001074569,https://digital.blb-karlsruhe.de/6885584 
1001074592,https://digital.blb-karlsruhe.de/6885579 
1001074608,https://digital.blb-karlsruhe.de/6885585
1001074616,https://digital.blb-karlsruhe.de/6885591 
1001074618,https://digital.blb-karlsruhe.de/6885591
1001074620,https://digital.blb-karlsruhe.de/6885591
1001074630,https://digital.blb-karlsruhe.de/6885591
1001074631,https://digital.blb-karlsruhe.de/6885586
1001074632,https://digital.blb-karlsruhe.de/7049471
1001074633,https://digital.blb-karlsruhe.de/6885587
1001074635,https://digital.blb-karlsruhe.de/6890234
1001074636,https://digital.blb-karlsruhe.de/6890234
1001074637,https://digital.blb-karlsruhe.de/6890234
1001074638,https://digital.blb-karlsruhe.de/6890234
1001074880,https://digital.blb-karlsruhe.de/7050221
1001074896,https://digital.blb-karlsruhe.de/6885600
1001074898,https://digital.blb-karlsruhe.de/6885588 
1001074900,https://digital.blb-karlsruhe.de/6885589
1001074919,https://digital.blb-karlsruhe.de/6885590
1001074923,https://digital.blb-karlsruhe.de/7050225
1001074929,https://digital.blb-karlsruhe.de/6885594
1001075183,https://digital.blb-karlsruhe.de/6885593
1001075262,https://digital.blb-karlsruhe.de/6885592
1001075382,https://digital.blb-karlsruhe.de/6889408
1001075409,https://digital.blb-karlsruhe.de/6889409
1001075418,https://digital.blb-karlsruhe.de/6889410 
1001075421,https://digital.blb-karlsruhe.de/6889411
1001075534,https://digital.blb-karlsruhe.de/6889414
1001075539,https://digital.blb-karlsruhe.de/6889415
1001075540,https://digital.blb-karlsruhe.de/6889551
1001075548,https://digital.blb-karlsruhe.de/6889552
1001075561,https://digital.blb-karlsruhe.de/6889558
1001075582,https://digital.blb-karlsruhe.de/6889418
1001075583,https://digital.blb-karlsruhe.de/6889549
1001075584,https://digital.blb-karlsruhe.de/6889549
1001075585,https://digital.blb-karlsruhe.de/6889549
1001075586,https://digital.blb-karlsruhe.de/6889549
1001075668,https://digital.blb-karlsruhe.de/6889550
1001075673,https://digital.blb-karlsruhe.de/6889550
1001075675,https://digital.blb-karlsruhe.de/6889550
1001075679,https://digital.blb-karlsruhe.de/6889550
1001075688,https://digital.blb-karlsruhe.de/6889550
1001075689,https://digital.blb-karlsruhe.de/6889550
1001075693,https://digital.blb-karlsruhe.de/6889550
1001075694,https://digital.blb-karlsruhe.de/6889550
1001075697,https://digital.blb-karlsruhe.de/6889550
1001075698,https://digital.blb-karlsruhe.de/6889550
1001075700,https://digital.blb-karlsruhe.de/6889550
1001075703,https://digital.blb-karlsruhe.de/6889550
1001075705,https://digital.blb-karlsruhe.de/6889550
1001075709,https://digital.blb-karlsruhe.de/6903208
1001075711,https://digital.blb-karlsruhe.de/6889553
1001075717,https://digital.blb-karlsruhe.de/6889553
1001075718,https://digital.blb-karlsruhe.de/6889553 
1001075719,https://digital.blb-karlsruhe.de/6889553
1001075720,https://digital.blb-karlsruhe.de/6889553
1001075810,https://digital.blb-karlsruhe.de/6889555 
1001075821,https://digital.blb-karlsruhe.de/6889554 
1001075832,https://digital.blb-karlsruhe.de/6889413
1001075841,https://digital.blb-karlsruhe.de/6889557
1001075843,https://digital.blb-karlsruhe.de/6889417
1001075844,https://digital.blb-karlsruhe.de/6889416
1001075889,https://digital.blb-karlsruhe.de/6889412
1001075896,https://digital.blb-karlsruhe.de/6889412
1001075901,https://digital.blb-karlsruhe.de/6889412
1001075915,https://digital.blb-karlsruhe.de/6889556
1001075932,https://digital.blb-karlsruhe.de/6889559
1001075993,https://digital.blb-karlsruhe.de/6889560
1001076123,https://digital.blb-karlsruhe.de/6889565
1001076166,https://digital.blb-karlsruhe.de/6889564
1001076167,https://digital.blb-karlsruhe.de/6889994 
1001076498,https://digital.blb-karlsruhe.de/6889995
1001076537,https://digital.blb-karlsruhe.de/6889997
1001076556,https://digital.blb-karlsruhe.de/6889998 
1001076564,https://digital.blb-karlsruhe.de/6889999
1001076574,https://digital.blb-karlsruhe.de/6890000
1001076575,https://digital.blb-karlsruhe.de/6890001
1001076740,https://digital.blb-karlsruhe.de/6889996
1001076771,https://digital.blb-karlsruhe.de/6890002
1001076781,https://digital.blb-karlsruhe.de/6890002
1001076784,https://digital.blb-karlsruhe.de/6890002
1001076812,https://digital.blb-karlsruhe.de/6889561
1001076813,https://digital.blb-karlsruhe.de/6889562
1001076814,https://digital.blb-karlsruhe.de/6889563
1001076816,https://digital.blb-karlsruhe.de/6890004
1001076822,https://digital.blb-karlsruhe.de/6890007
1001076823,https://digital.blb-karlsruhe.de/6890008
1001076824,https://digital.blb-karlsruhe.de/6890008
1001076825,https://digital.blb-karlsruhe.de/6890008
1001076826,https://digital.blb-karlsruhe.de/6890008
1001076828,https://digital.blb-karlsruhe.de/6890008
1001076983,https://digital.blb-karlsruhe.de/6890005
1001076988,https://digital.blb-karlsruhe.de/6890006
1001077037,https://digital.blb-karlsruhe.de/6891490
1001077148,https://digital.blb-karlsruhe.de/6891491
1001077163,https://digital.blb-karlsruhe.de/6891492
1001077172,https://digital.blb-karlsruhe.de/6891493
1001077174,https://digital.blb-karlsruhe.de/6891494
1001077176,https://digital.blb-karlsruhe.de/6891495
1001077179,https://digital.blb-karlsruhe.de/6891496
1001077181,https://digital.blb-karlsruhe.de/6891488
1001077183,https://digital.blb-karlsruhe.de/6891489
1001077192,https://digital.blb-karlsruhe.de/6891487
1001077211,https://digital.blb-karlsruhe.de/6891485
1001077250,https://digital.blb-karlsruhe.de/6891485
1001077251,https://digital.blb-karlsruhe.de/6891485
1001077368,https://digital.blb-karlsruhe.de/6891497
1001077377,https://digital.blb-karlsruhe.de/6891498
1001077464,https://digital.blb-karlsruhe.de/6891499
1001077469,https://digital.blb-karlsruhe.de/6891500
1001077472,https://digital.blb-karlsruhe.de/6891501
1001077476,https://digital.blb-karlsruhe.de/6891502
1001077480,https://digital.blb-karlsruhe.de/6891503
1001077484,https://digital.blb-karlsruhe.de/7045771
1001077615,https://digital.blb-karlsruhe.de/6891483
1001077626,https://digital.blb-karlsruhe.de/6890040
1001077629,https://digital.blb-karlsruhe.de/6890040
1001077630,https://digital.blb-karlsruhe.de/6890040
1001077631,https://digital.blb-karlsruhe.de/6890040
1001077632,https://digital.blb-karlsruhe.de/6890040
1001077633,https://digital.blb-karlsruhe.de/6890040
1001077634,https://digital.blb-karlsruhe.de/6890040
1001077636,https://digital.blb-karlsruhe.de/6890040
1001077637,https://digital.blb-karlsruhe.de/6890040
1001077638,https://digital.blb-karlsruhe.de/6890040
1001077639,https://digital.blb-karlsruhe.de/6890040
1001077712,https://digital.blb-karlsruhe.de/6890040
1001077740,https://digital.blb-karlsruhe.de/6891504
1001077817,https://digital.blb-karlsruhe.de/6890045
1001077818,https://digital.blb-karlsruhe.de/6890046
1001077821,https://digital.blb-karlsruhe.de/6890048
1001077822,https://digital.blb-karlsruhe.de/6890049
1001077823,https://digital.blb-karlsruhe.de/6890050
1001077926,https://digital.blb-karlsruhe.de/6890051
1001077950,https://digital.blb-karlsruhe.de/6890052
1001077954,https://digital.blb-karlsruhe.de/6890053
1001077994,https://digital.blb-karlsruhe.de/6890054
1001078007,https://digital.blb-karlsruhe.de/6890057
1001078016,https://digital.blb-karlsruhe.de/6890055
1001078030,https://digital.blb-karlsruhe.de/6890058
1001078036,https://digital.blb-karlsruhe.de/6890059
1001078040,https://digital.blb-karlsruhe.de/6890060
1001078051,https://digital.blb-karlsruhe.de/6890061
1001078052,https://digital.blb-karlsruhe.de/6890062
1001078068,https://digital.blb-karlsruhe.de/6890063
1001078113,https://digital.blb-karlsruhe.de/6872452
1001078135,https://digital.blb-karlsruhe.de/6890064
1001078136,https://digital.blb-karlsruhe.de/6890065
1001078138,https://digital.blb-karlsruhe.de/6890066
1001078140,https://digital.blb-karlsruhe.de/6890067
1001078143,https://digital.blb-karlsruhe.de/6890068
1001078168,https://digital.blb-karlsruhe.de/6890069
1001078190,https://digital.blb-karlsruhe.de/6890070
1001078194,https://digital.blb-karlsruhe.de/6890071
1001078276,https://digital.blb-karlsruhe.de/6891484
1001078360,https://digital.blb-karlsruhe.de/6891486
1001078373,https://digital.blb-karlsruhe.de/6891591
1001078384,https://digital.blb-karlsruhe.de/6891592
1001078513,https://digital.blb-karlsruhe.de/6891593
1001078520,https://digital.blb-karlsruhe.de/6891594
1001078521,https://digital.blb-karlsruhe.de/6872453
1001078856,https://digital.blb-karlsruhe.de/6872447
1001078904,https://digital.blb-karlsruhe.de/6872448
1001078915,https://digital.blb-karlsruhe.de/6872451
1001078961,https://digital.blb-karlsruhe.de/6872449
1001078981,https://digital.blb-karlsruhe.de/6872450
1001078984,https://digital.blb-karlsruhe.de/6872454
1001078986,https://digital.blb-karlsruhe.de/6872455
1001079162,https://digital.blb-karlsruhe.de/6891595
1001079169,https://digital.blb-karlsruhe.de/6891596
1001079199,https://digital.blb-karlsruhe.de/6891597
1001079222,https://digital.blb-karlsruhe.de/6891598
1001079262,https://digital.blb-karlsruhe.de/6872458
1001079266,https://digital.blb-karlsruhe.de/6872459
1001079267,https://digital.blb-karlsruhe.de/6872459
1001079270,https://digital.blb-karlsruhe.de/6872459
1001079407,https://digital.blb-karlsruhe.de/6872456
1001079409,https://digital.blb-karlsruhe.de/6872457
1001079419,https://digital.blb-karlsruhe.de/6872460
1001079421,https://digital.blb-karlsruhe.de/6872460
1001079437,https://digital.blb-karlsruhe.de/6872460
1001079458,https://digital.blb-karlsruhe.de/6891599
1001079461,https://digital.blb-karlsruhe.de/6891600
1001079466,https://digital.blb-karlsruhe.de/6891601
1001079474,https://digital.blb-karlsruhe.de/6891602
1001079482,https://digital.blb-karlsruhe.de/6891603
1001079492,https://digital.blb-karlsruhe.de/6891604
1001079506,https://digital.blb-karlsruhe.de/6891605
1001079507,https://digital.blb-karlsruhe.de/6891605
1001079508,https://digital.blb-karlsruhe.de/6891606
1001079509,https://digital.blb-karlsruhe.de/6891605
1001079597,https://digital.blb-karlsruhe.de/6872464
1001079636,https://digital.blb-karlsruhe.de/6872465
1001079656,https://digital.blb-karlsruhe.de/6891607
1001079657,https://digital.blb-karlsruhe.de/6872466
1001079738,https://digital.blb-karlsruhe.de/6891608
1001079757,https://digital.blb-karlsruhe.de/6872467
1001079793,https://digital.blb-karlsruhe.de/6891609
1001081396,https://digital.blb-karlsruhe.de/6891610
453003823,https://digital.blb-karlsruhe.de/3184698
453003824,https://digital.blb-karlsruhe.de/3184698
453003825,https://digital.blb-karlsruhe.de/3184698
455038378,https://digital.blb-karlsruhe.de/7546806
1001070577,https://digital.blb-karlsruhe.de/6906900
1001070579,https://digital.blb-karlsruhe.de/6906901
1001070580,https://digital.blb-karlsruhe.de/6906902
1001070668,https://digital.blb-karlsruhe.de/6906898
1001070728,https://digital.blb-karlsruhe.de/6906899
1001071078,https://digital.blb-karlsruhe.de/6906903
1001079500,https://digital.blb-karlsruhe.de/6910144
1001079814,https://digital.blb-karlsruhe.de/6907129
1001079981,https://digital.blb-karlsruhe.de/6907126
1001079991,https://digital.blb-karlsruhe.de/6907128
1001080004,https://digital.blb-karlsruhe.de/6910142
1001080010,https://digital.blb-karlsruhe.de/6907131
1001080132,https://digital.blb-karlsruhe.de/6907132
1001080133,https://digital.blb-karlsruhe.de/6910143 
1001080144,https://digital.blb-karlsruhe.de/6910144
1001080145,https://digital.blb-karlsruhe.de/6910144
1001080218,https://digital.blb-karlsruhe.de/6907134
1001080230,https://digital.blb-karlsruhe.de/6907133
1001080353,https://digital.blb-karlsruhe.de/6910146
1001080362,https://digital.blb-karlsruhe.de/6910146
1001080366,https://digital.blb-karlsruhe.de/6910146
1001080371,https://digital.blb-karlsruhe.de/6910147
1001080373,https://digital.blb-karlsruhe.de/6910148
1001080383,https://digital.blb-karlsruhe.de/6910149
1001080390,https://digital.blb-karlsruhe.de/6910150
1001080404,https://digital.blb-karlsruhe.de/7034917
1001080425,https://digital.blb-karlsruhe.de/7034918
1001080426,https://digital.blb-karlsruhe.de/7034919
1001080427,https://digital.blb-karlsruhe.de/7034920
1001080428,https://digital.blb-karlsruhe.de/7034921
1001080644,https://digital.blb-karlsruhe.de/6910151
1001080645,https://digital.blb-karlsruhe.de/6910193
1001080696,https://digital.blb-karlsruhe.de/6910194
1001080702,https://digital.blb-karlsruhe.de/6910195
1001080714,https://digital.blb-karlsruhe.de/6910196
1001080715,https://digital.blb-karlsruhe.de/6910197
1001080716,https://digital.blb-karlsruhe.de/6910198
1001080718,https://digital.blb-karlsruhe.de/6910192
1001080719,https://digital.blb-karlsruhe.de/6910192
1001080720,https://digital.blb-karlsruhe.de/6910192
1001080830,https://digital.blb-karlsruhe.de/6910199
1001080834,https://digital.blb-karlsruhe.de/7049057
1001080838,https://digital.blb-karlsruhe.de/7049056
1001080840,https://digital.blb-karlsruhe.de/6910200
1001080841,https://digital.blb-karlsruhe.de/6910201
1001080843,https://digital.blb-karlsruhe.de/6910202
1001080847,https://digital.blb-karlsruhe.de/6910203
1001080850,https://digital.blb-karlsruhe.de/6910204
1001080852,https://digital.blb-karlsruhe.de/6910205
1001080856,https://digital.blb-karlsruhe.de/6910206
1001080857,https://digital.blb-karlsruhe.de/6910228
1001080859,https://digital.blb-karlsruhe.de/6910207
1001080882,https://digital.blb-karlsruhe.de/6910229
1001080888,https://digital.blb-karlsruhe.de/6910227
1001080889,https://digital.blb-karlsruhe.de/6910230
1001080890,https://digital.blb-karlsruhe.de/6910231
1001080973,https://digital.blb-karlsruhe.de/6910232
1001081007,https://digital.blb-karlsruhe.de/6910232
1001081008,https://digital.blb-karlsruhe.de/6910232
1001081010,https://digital.blb-karlsruhe.de/6910232
1001081017,https://digital.blb-karlsruhe.de/6910232
1001081022,https://digital.blb-karlsruhe.de/6910233
1001081026,https://digital.blb-karlsruhe.de/6910234
1001081027,https://digital.blb-karlsruhe.de/6910235
1001081029,https://digital.blb-karlsruhe.de/6910237
1001081030,https://digital.blb-karlsruhe.de/6910236
1001081164,https://digital.blb-karlsruhe.de/6910238
1001081211,https://digital.blb-karlsruhe.de/6910238
1001081215,https://digital.blb-karlsruhe.de/6910238
1001081224,https://digital.blb-karlsruhe.de/6910238
1001081235,https://digital.blb-karlsruhe.de/6910238
1001081237,https://digital.blb-karlsruhe.de/6910238
1001081243,https://digital.blb-karlsruhe.de/6910238
1001081246,https://digital.blb-karlsruhe.de/6910238
1001081327,https://digital.blb-karlsruhe.de/6910239
1001081333,https://digital.blb-karlsruhe.de/6910240
1001081334,https://digital.blb-karlsruhe.de/6910241
1001081335,https://digital.blb-karlsruhe.de/6910242
1001081336,https://digital.blb-karlsruhe.de/6910243
1001081363,https://digital.blb-karlsruhe.de/6910244
1001081370,https://digital.blb-karlsruhe.de/6910245
1001081377,https://digital.blb-karlsruhe.de/6910245
1001081383,https://digital.blb-karlsruhe.de/6910245
1001081384,https://digital.blb-karlsruhe.de/6910246
1001081389,https://digital.blb-karlsruhe.de/6910247
453007428,https://digital.blb-karlsruhe.de/1000523
453007429,https://digital.blb-karlsruhe.de/1000523
1001074342,https://digital.blb-karlsruhe.de/6885417
1001073803,https://digital.blb-karlsruhe.de/6872425
1001079947,https://digital.blb-karlsruhe.de/6907127
453007352,https://digital.blb-karlsruhe.de/1084612
453007353,https://digital.blb-karlsruhe.de/1084612
453007354,https://digital.blb-karlsruhe.de/1084612
453007355,https://digital.blb-karlsruhe.de/1084612
453007356,https://digital.blb-karlsruhe.de/1084612
453007357,https://digital.blb-karlsruhe.de/1084612
453007358,https://digital.blb-karlsruhe.de/1084612
453007359,https://digital.blb-karlsruhe.de/1084612
453007360,https://digital.blb-karlsruhe.de/1084612
453007361,https://digital.blb-karlsruhe.de/1084612
453007362,https://digital.blb-karlsruhe.de/1084612
453007363,https://digital.blb-karlsruhe.de/1084612
453007364,https://digital.blb-karlsruhe.de/1084612
453007365,https://digital.blb-karlsruhe.de/1084612
1001076810,https://digital.blb-karlsruhe.de/6890003
1001074345,https://digital.blb-karlsruhe.de/6885417
1001074341,https://digital.blb-karlsruhe.de/6885417
1001078018,https://digital.blb-karlsruhe.de/6890056
455038379,https://digital.blb-karlsruhe.de/7546806
1001074348,https://digital.blb-karlsruhe.de/6885417
1001081391,https://digital.blb-karlsruhe.de/6962816
1001074346,https://digital.blb-karlsruhe.de/6885417
1001074344,https://digital.blb-karlsruhe.de/6885417
453003843,https://digital.blb-karlsruhe.de/3184726
453003842,https://digital.blb-karlsruhe.de/3184726
453003590,https://digital.blb-karlsruhe.de/867544
453003591,https://digital.blb-karlsruhe.de/867544
453003592,https://digital.blb-karlsruhe.de/867544
453003660,https://digital.blb-karlsruhe.de/967197
453003661,https://digital.blb-karlsruhe.de/967197
453003662,https://digital.blb-karlsruhe.de/967197
453003665,https://digital.blb-karlsruhe.de/970395
453003664,https://digital.blb-karlsruhe.de/970395
1001077820,https://digital.blb-karlsruhe.de/6890047
455038377,https://digital.blb-karlsruhe.de/7546806
455038380,https://digital.blb-karlsruhe.de/7546806
455038381,https://digital.blb-karlsruhe.de/7546806
455038382,https://digital.blb-karlsruhe.de/7546806
455038383,https://digital.blb-karlsruhe.de/7546806
455038384,https://digital.blb-karlsruhe.de/7546806
455038385,https://digital.blb-karlsruhe.de/7546806
455038386,https://digital.blb-karlsruhe.de/7546806
455038387,https://digital.blb-karlsruhe.de/7546806
455038389,https://digital.blb-karlsruhe.de/7546806
455038390,https://digital.blb-karlsruhe.de/7546806
455038391,https://digital.blb-karlsruhe.de/7546806
455038392,https://digital.blb-karlsruhe.de/7546806
455038393,https://digital.blb-karlsruhe.de/7546806
455038395,https://digital.blb-karlsruhe.de/7546806
455038396,https://digital.blb-karlsruhe.de/7546806
455038397,https://digital.blb-karlsruhe.de/7546806
455038398,https://digital.blb-karlsruhe.de/7546806
455038399,https://digital.blb-karlsruhe.de/7546806
455038401,https://digital.blb-karlsruhe.de/7546806
455038402,https://digital.blb-karlsruhe.de/7546806
455038403,https://digital.blb-karlsruhe.de/7546806
455038405,https://digital.blb-karlsruhe.de/7546806
455038406,https://digital.blb-karlsruhe.de/7546806
455038407,https://digital.blb-karlsruhe.de/7546806
455038408,https://digital.blb-karlsruhe.de/7546806
455038409,https://digital.blb-karlsruhe.de/7546806
455038410,https://digital.blb-karlsruhe.de/7546806
455038411,https://digital.blb-karlsruhe.de/7546806
455038412,https://digital.blb-karlsruhe.de/7546806
455038414,https://digital.blb-karlsruhe.de/7546806
455038415,https://digital.blb-karlsruhe.de/7546806
455038416,https://digital.blb-karlsruhe.de/7546806
455038417,https://digital.blb-karlsruhe.de/7546806
455038418,https://digital.blb-karlsruhe.de/7546806
455038419,https://digital.blb-karlsruhe.de/7546806
455038421,https://digital.blb-karlsruhe.de/7546806
455038422,https://digital.blb-karlsruhe.de/7546806
455038423,https://digital.blb-karlsruhe.de/7546806
455038424,https://digital.blb-karlsruhe.de/7546806
455038425,https://digital.blb-karlsruhe.de/7546806
1001073468,https://digital.blb-karlsruhe.de/6884873
1001074334,https://digital.blb-karlsruhe.de/6885417
1001078008,https://digital.blb-karlsruhe.de/6890083
1001080429,https://digital.blb-karlsruhe.de/7034923
1001080572,https://digital.blb-karlsruhe.de/6910150
