"Komponist","Einordnungstitel","RISM Dokumentnummer","Signatur 852 $c"
"Abbeille, Ludwig","2 Sonatas",990000036,"Abeille 1"
"Abel, Carl Friedrich","6 Symphonies",990000072,"Abel 1"
"Abingdon, Wiloughby Bertie","Cantatas",990000155,"Abingdon 1"
"Ahlefeldt, Maria Theresia","Telemak på Calypsos Øe",990000503,"PrD mus. 1"
"Albinoni, Tomaso","Symphonies",990000707,"F.K. Mus. 15./16. II. Abtheilung"
"Alexandre, Charles Guillaume","Le Petit-Maître en province",990000841,"Alexandre 1"
"Amon, Johannes","3 Symphonies",990000968,"Amon 1"
"Amon, Johannes","Symphonies",990000969,"Amon 2"
"André, Johann","Der Töpfer",990001050,"André 1/I"
"André, Johann","Lenore",990001066,"André 5/I"
"Anet, Jean-Baptiste","Sonatas",990001128,"F.K. Mus. 75 II. Abth."
"Anonymus","Songs",990071540,"Inc. VI/3"
"Anonymus","Stage music",991011208,"Inc. VIIa/6"
"Anonymus","3 Quartets",992004399,"Inc. IIIa/9"
"Asola, Giovanni Matteo","Masses",990002577,"F.K. Mus. 36/2"
"Asola, Giovanni Matteo","Le Vergini",990002610,"F.K. Mus. 27.28./5"
"Audinot, Nicolas-Médard","Le Tonnelier",990002840,"Gossec 16"
"Bach, Carl Philipp Emanuel","4 Symphonies",990003023,"C. P. E. Bach 1"
"Backofen, Johann Georg Heinrich","Concertos",990003539,"Backofen 1"
"Banchieri, Adriano","Fantasies",990003774,"F.K. Mus. 103/1"
"Baumbach, Friedrich August","Theresens Klagen über den Tod ihrer unglücklichen Mutter Maria Antonia",990004163,"Baumbach 1"
"Beecke, Ignaz von","Chansons",990004419,"Beecke 25"
"Benda, Georg","Der Holzhauer",990004671,"Benda 4"
"Benda, Georg","Medea",990004673,"Benda 2/I"
"Blaise, Adolphe-Benoît ","Isabelle et Gertrude",990005561,"Blaise 1"
"Bon, Anna Lucia","6 Sonatas",990006157,"A. Bon 1"
"Bon, Anna Lucia","Sonatas",990006158,"A. Bon 2"
"Boutmy, Guillaume","Sonatas",990006621,"Boutmy 1"
"Brandl, Johann Evangelist","Symphonies",990006867,"Brandl 1"
"Brandl, Johann Evangelist","6 Quintets",990006870,"Brandl 4"
"Brandl, Johann Evangelist","Quintets",990006872,"Brandl 5"
"Cambini, Giuseppe","Symphonies concertantes",990008106,"Cambini 2"
"Cambini, Giuseppe","Symphonies concertantes",990008124,"Cambini 3"
"Cambini, Giuseppe","3 Quartets",990008214,"Cambini 4"
"Cannabich, Carl August","Orfeo",990008602,"Cannabich 4"
"Cannabich, Carl August","Cantatas",990008607,"Cannabich 2"
"Cannabich, Carl August","Symphonies",990008617,"Cannabich 1"
"Castro, Jean de","Chansons",990009127,"F.K. Mus. 27./28."
"Chédeville, Nicolas","Amusements champêtres, livre 2",990009448,"Chedeville 1"
"Clementi, Muzio","2 Symphonies",990010295,"Clementi 1, 2"
"Collin de Blamont, François","Les Fêtes grecques et romaines",990010735,"XL D 51"
"Compilations","Ezio",990049050,"Sammelband 11"
"Conti, Giuseppe","La pastorella nobile",990010923,"Sammelband 4/I"
"Corelli, Arcangelo","12 Sonatas",990011190,"F.K. Mus. 13. II. Abtheilung"
"Couperin, François","Keyboard pieces",990011660,"Couperin 1"
"Croes, Henri-Jacques de","Concertos",990011844,"H. Jac. Croes 3"
"Croes, Henri-Jacques de","6 Sonatas",990011848,"H. Jac. Croes 2"
"Croes, Henri-Jacques de","Trio sonatas",990011850,"H. Jac. Croes 1"
"Croes, Henri-Jacques de","6 Concerti grossi",992005525,"H. Jac. Croes 4"
"Danzi, Franz","Sextets",990012884,"Danzi 7"
"Danzi, Franz","Sextets",990012886,"Danzi 8"
"Davaux, Jean-Baptiste","Symphonies concertantes",990013018,"Davaux 1"
"Della Maria, Pierre-Antoine-Dominique","L'Oncle valet",990013258,"Della Maria 1"
"Della Maria, Pierre-Antoine-Dominique","L'Oncle valet",990013259,"Della Maria 1"
"Della Maria, Pierre-Antoine-Dominique","L'Opéra comique",990013277,"Della Maria 1"
"Distler, Johann Georg ","Quartets",990014908,"Distler 1"
"Dittersdorf, Carl Ditters von","Quartets",990015043,"Dittersdorf 38"
"Domnich, Heinrich ","Symphonies concertantes",990015131,"Domnich 1"
"Dubuissons, Michel Charles ","Cantiones aliquot musicae",990013566,"F.K. Mus 4.5/2"
"Duni, Egidio Romualdo","La Fée Urgèle",990015485,"Duny 1"
"Duport (18.sc)","Wind music",991017664,"Duport 1"
"Emmert, Adam Joseph","Wind music",990017050,"Emmert 2"
"Emmert, Adam Joseph","Pieces",990017052,"Emmert 1"
"Eybler, Joseph Leopold","3 Quartets",991018083,"Eybler 1"
"Fabri, Giovanni Antonio","Madrigals",990017310,"F.K. Mus. 36/4"
"Ferrari, Giacomo Gotifredo","Sonatas",990017692,"Ferrari 1"
"Festa, Costanzo","Madrigali, libro 1",993120349,"F.K. Mus. 27.28/3, 53"
"Fiocco, Jean-Joseph","Sacred songs",990018077,"Fiocco 1"
"Francœur, François","Pyrame et Thisbé",990018953,"XL D 52"
"Gabrieli, Andrea","Madrigals",990019334,"F.K. 27.28/6"
"Gastoldi, Giovanni Giacomo","Ballettos",990019731,"F.K. Mus. 32-34"
"Gastoldi, Giovanni Giacomo ","Ballettos",990019731,"F.K. Mus. 32-34"
"Gastoldi, Giovanni Giacomo ","Ballettos",990019750,"F.K. Mus. 35/5"
"Gero, Jan","Madrigals",990020843,"F.K. Mus. 27.28/4, F.K. Mus. 53"
"Gibert, Paul-César","Parodies",990021188,"Gibert 2"
"Gibert, Paul-César","Solfeggios",990021197,"Gibert 1"
"Giornovichi, Giovanni","Quartets",990021554,"Jarnowick 1"
"Gletle, Johann Melchior","Musica genialis latino-germanica",990021751,"F.K. Mus. 37"
"Gluck, Christoph Willibald","Alceste",990021779,"Gluck 13/II"
"Gluck, Christoph Willibald","Iphigénie en Tauride",990021943,"Gluck 13/I"
"Gossec, François-Joseph","Les Pêcheurs",990022149,"Gossec 17"
"Gossec, François-Joseph","Toinon et Toinette",990022160,"Gossec 18"
"Gossec, François-Joseph","Le Triomphe de la République",990022182,"Gossec 19"
"Graf, Christian Ernst ","Symphonies",990022401,"Ch. E. Graf 1"
"Graf, Friedrich Hartmann","Quartets",990022448,"F. H. Graf 1"
"Graun, Carl Heinrich","Der Tod Jesu",990022620,"Graun 1/I"
"Grétry, André-Ernest-Modeste","Le Huron",990023117,"Grétry 4"
"Grétry, André-Ernest-Modeste","Le Tableau parlant",990023344,"Grétry 5/I"
"Grétry, André-Ernest-Modeste","Zémire et Azor",990023365,"Grétry 9"
"Grill, Franz","3 Quartets",990023464,"Grill 1"
"Grill, Franz","Quartets",990023465,"Grill 3"
"Grill, Franz","3 Quartets",990023467,"Grill 1"
"Grill, Franz","6 Quartets",990023468,"Grill 2"
"Guglielmi, Pietro Alessandro","L'inganno amoroso",990023785,"Sammelband 4/I"
"Guglielmi, Pietro Alessandro","La pastorella nobile",990023798,"Sammelband 4/I"
"Gyrowetz, Adalbert","Symphonies",1001257394,"Gyrowetz 1"
"Hanke, Karl","Symphonies",990026228,"Hanke 1"
"Harelbecanus, Sigerus Paul ","Psalms",990026250,"F.K. Mus. 51"
"Hasse, Johann Adolf ","Symphonies",990026464,"Hasse 1"
"Häusler, Ernst ","Rondo alla polacca",990025946,"Häusler 2"
"Häusler, Ernst ","La Nitteti",991020009,"PrD mus. 12"
"Haydn, Joseph","Die Sieben Letzten Worte unseres Erlösers am Kreuze",990026684,"J. Haydn 117/I"
"Haydn, Joseph","Die Schöpfung",990026686,"J. Haydn 116/I"
"Haydn, Joseph","Die Jahreszeiten",990026708,"J. Haydn 118"
"Haydn, Joseph","Armida",990026721,"Sammelband 4/II"
"Haydn, Joseph","La vera costanza",990026738,"Sammelband 4/II"
"Haydn, Joseph","Songs",990026897,"F.K. Mus. 115"
"Haydn, Joseph","Symphonies",990026918,"J. Haydn 60"
"Haydn, Joseph","Symphonies",990026919,"J. Haydn 61"
"Haydn, Joseph","Symphonies",990027058,"J. Haydn 17"
"Haydn, Joseph","Symphonies",990027059,"J. Haydn 78"
"Haydn, Joseph","Symphonies",990027298,"J. Haydn 54/II"
"Haydn, Joseph","Symphonies",990027356,"J. Haydn 70"
"Haydn, Joseph","Symphonies",990027433,"J. Haydn 77"
"Haydn, Joseph","Overtures",990027445,"J. Haydn 73"
"Haydn, Joseph","Operas",990027450,"J. Haydn 75"
"Haydn, Joseph","Divertimentos",990027503,"J. Haydn 94"
"Haydn, Joseph","Quartets",990027645,"J. Haydn 108"
"Haydn, Joseph","Sonatas",990027660,"J. Haydn 113"
"Haydn, Joseph","3 Quartets",990027703,"J. Haydn 111"
"Haydn, Joseph","Trios",990027873,"J. Haydn 100"
"Haydn, Joseph","Symphonies",990028613,"Sammelband 7"
"Haydn, Joseph","Arias",990028867,"Sammelband 4/II"
"Haydn, Joseph","Insertions",990028868,"Sammelband 4/II"
"Haydn, Michael","Symphonies",990028972,"Joh. M. Haydn 1"
"Herbain, Chevalier d'","La Paysanne curieuse",990029209,"Herbain 1"
"Himmel, Friedrich Heinrich","Fanchon das Leyermädchen",990029432,"Himmel 3/I"
"Himmel, Friedrich Heinrich","Trauer-Cantate",990029474,"Himmel 4"
"Hoffmeister, Franz Anton","Quartets",990029996,"Hoffmeister 11"
"Hoffmeister, Franz Anton","3 Quartets",990029998,"Hoffmeister 14"
"Hoffmeister, Franz Anton","6 Quartets",990030001,"Hoffmeister 13"
"Hoffmeister, Franz Anton","Un cosa rara",990030002,"Hoffmeister 15"
"Hoffmeister, Franz Anton","Quartets",990030010,"Hoffmeister 16"
"Hoffmeister, Franz Anton","Quartets",990030020,"Hoffmeister 12"
"Hoffmeister, Franz Anton","3 Sonatas",990030217,"Sammelband 7"
"Hoffstetter, Johann Urban Alois","6 Symphonies",990030310,"Hoffstetter 1"
"Holzbauer, Ignaz","Günther von Schwarzburg",990030418,"Holzbauer 16/I"
"Hurka, Friedrich Franz","Sämtliche Lieder und Gesänge",990031885,"PrD mus. 5"
"Jommelli, Niccolò","L'Olimpiade",990032646,"Jomelli 21"
"Keifferer, Christian","Sacred songs",990033078,"F.K. Mus. 36"
"Kerle, Jacobus de","Sacred songs",990033282,"F.K. Mus. 4.5/1"
"Kleinknecht, Jakob Friedrich","Concertos",992005589,"Kleinknecht 1"
"Knecht, Justin Heinrich","Psalms",990033767,"Knecht 2"
"Kohout, Josef","Le Serrurier",990052375,"Kohaut 1"
"Kospoth, Otto Carl Erdmann","Grande sinfonie",990034156,"Kospoth 14"
"Kospoth, Otto Carl Erdmann","Symphonies",990034158,"Kospoth 15"
"Kospoth, Otto Carl Erdmann","Symphonies",990034160,"Kospoth 16"
"Kospoth, Otto Carl Erdmann","Symphonies",990034161,"Kospoth 17"
"Kospoth, Otto Carl Erdmann","Concertos",990034163,"Sammelband 7"
"Kospoth, Otto Carl Erdmann","6 Quartets",990034170,"Kospoth 18"
"Kospoth, Otto Carl Erdmann","Symphonies",992005604,"Kospoth 13"
"Koželuh, Leopold","Quanto è mai tormentosa",990034177,"Koželuch 8"
"Koželuh, Leopold","Symphonies",990034221,"Koželuch 5"
"Koželuh, Leopold","3 Quartets",990034266,"Koželuch 6"
"Koželuh, Leopold","3 Sonatas",990034285,"Sammelband 7"
"Koželuh, Leopold","3 Sonatas",990034329,"Sammelband 7"
"Koželuh, Leopold","Sonatas",990034551,"Koželuch 9"
"Kreusser, Georg Anton","Der Tod Jesu",990034805,"Kreusser 5"
"Kreusser, Georg Anton","6 Symphonies",990034813,"Kreusser 2"
"Krommer, Franz","Partitas",990035305,"Krommer 2"
"Krommer, Franz","Wind music",990035314,"Krommer 5"
"Krommer, Franz","Wind music",990035319,"Krommer 4"
"Krommer, Franz","Wind music",990035322,"Krommer 6"
"Krommer, Franz","Wind music",990035329,"Krommer 3"
"Krommer, Franz","Partitas",990035331,"Krommer 1"
"La Lance, Chevalier de","3 Trios",990036122,"Le Lance 2"
"La Lance, Chevalier de","Concertos",990036123,"Le Lance 1"
"Lambardi, Girolamo","Antiphonarium vespertinum dierum festorum totius anni, pars 2",1001303843,"F.K. Mus. 51 II. Abth."
"Lambardi, Girolamo","Antiphonarium vespertinum dierum festorum totius anni, pars 3",1001303844,"F.K. Mus. 51 II. Abth."
"Lasser, Johann Baptist","Masses",990036536,"Lasser 1"
"Lasso, Orlando di","13 Motets",990036620,"F.K. Mus. 6.7/3"
"Lasso, Orlando di","Chansons",990036636,"F.K. Mus. 6.7/2"
"Lasso, Orlando di","Neue teutsche Liedlein, Teil 2",990036658,"F.K. Mus. 4.5/3"
"Lasso, Orlando di","Patrocinium musices III",990036661,"F.K. Mus. 55 II. Abth."
"Lasso, Orlando di","Motets",990036702,"F.K. Mus. 6.7/1"
"Lasso, Orlando di","Sacrae cantiones",990036724,"F.K. Mus. 47-49/1"
"Lasso, Orlando di","Prophetiae Sibyllarum",990036801,"F.K. Mus. 62.63/1"
"Lasso, Orlando di ","Patrocinium musices II",990036660,"F.K. Mus. 54 Abth. II."
"Lasso, Orlando di ","Patrocinium musices III",990036661,"F.K. Mus. 55 Abth. II."
"Lasso, Orlando di ","Sacrae cantiones",990036667,"F.K. Mus. 51/1"
"Lasso, Orlando di ","Motets",990036701,"F.K. Mus. 6./7."
"Lasso, Orlando di ","20 Motets",990036725,"F.K. Mus. 47-50/2"
"Lasso, Orlando di ","Lectiones sacrae novem ex libris Hiob",990036726,"F.K. Mus. 47-49"
"Lasso, Orlando di ","Villanelle",990036727,"F.K. Mus. 53"
"Lasso, Orlando di ","Patrocinium musices",990036760,"F.K. Mus. 56 Abth. II."
"Lasso, Orlando di ","Patrocinium musices",990036775,"F.K. Mus. 57 Abth. II."
"Lasso, Orlando di ","Masses",990036809,"F.K. Mus. 58 Abth. II."
"Laucher, Joseph Anton","Requiems",990036871,"Laucher 1"
"Lobo, Duarte","Sacred songs",990038242,"F.K. Mus. 52 Abth. II."
"Lully, Jean-Baptiste","Acis et Galatée",990038565,"XL K 33"
"Lully, Jean-Baptiste","Alceste",990038568,"XL K 35"
"Lully, Jean-Baptiste","Atys",990038595,"XL K 36"
"Lully, Jean-Baptiste","Les Fêtes de l'Amour et de Bacchus",990038613,"XL K 40"
"Lully, Jean-Baptiste","Isis",990038618,"XL K 42"
"Lully, Jean-Baptiste","Persée",990038622,"XL K 37"
"Lully, Jean-Baptiste","Phaëton",990038635,"XL K 41"
"Lully, Jean-Baptiste","Proserpine",990038645,"XL K 39"
"Lully, Jean-Baptiste","Roland",990038656,"XL K 30"
"Lully, Jean-Baptiste","Thésée",990038667,"XL K 38"
"Lully, Jean-Baptiste","Idylle sur la paix",990038673,"XL K 32"
"Lully, Jean-Baptiste","Le Temple de la Paix",990038676,"XL K 31"
"Lully, Jean-Louis","Zéphire et Flore",990038698,"XL K 34"
"Luython, Carl","Masses",990038743,"F.K. Mus. 53. Abth. II."
"Marais, Marin","Semele",990039131,"XL D 53"
"Marais, Marin","Pièces de viole, livre 1",990039133,"XL D 57"
"Marais, Marin","Pièces de viole, livre 1",990039135,"XL D 61"
"Marais, Marin","Pièces de viole, livre 2",990039141,"XL D 58"
"Marais, Marin","Pièces de viole, livre 4",990039146,"XL D 56"
"Marais, Marin","Pièces de viole, livre 4",990039147,"XL D 60"
"Marais, Marin","Pièces de viole, livre 5",990039148,"XL D 55"
"Marais, Marin","Pièces de viole, livre 5",990039149,"XL D 59"
"Marais, Marin","Pièces de viole, livre 2",991022297,"XL D 54"
"Marenzio, Luca","Villanelle",990039335,"F.K. Mus. 35"
"Marenzio, Luca","Villanelle",990039335,"F.K. Mus. 35"
"Marenzio, Luca","Canzonette alla napolitana",990039341,"F.K. Mus. 35"
"Marenzio, Luca","Villanelle",990039346,"F.K. Mus. 35"
"Marenzio, Luca","Villanelle",990039346,"F.K. Mus. 35"
"Marenzio, Luca","Villanelle",990039350,"F.K. Mus. 35"
"Marenzio, Luca","Villanelle",990039350,"F.K. Mus. 35"
"Marenzio, Luca","Villanelle",990039353,"F.K. Mus. 35"
"Marenzio, Luca","Villanelle",990039353,"F.K. Mus. 35"
"Martín y Soler, Vicente","Una cosa rara",990039612,"Dittersdorf 38"
"Martini, Johann Paul Aegidius","Henri IV",990039795,"Martini 1"
"Maurer, Franz Anton","La scuola dei maritati",990040130,"Maurer 1"
"Mayr, Johann Simon","La Lodoiska",991000542,"Sammelband 4/II"
"Mayr, Johann Simon","La Lodoiska",991000593,"Mayr 2/I"
"Mederitsch, Johann Gallus","6 Quartets",990040403,"Mederitsch 1"
"Monsigny, Pierre-Alexandre","Le Déserteur",990041767,"Monsigny 3/I"
"Montesardo, Girolamo","L'allegre notti di Fiorenza",990042036,"F.K. Mus. 36/6"
"Mouret, Jean-Joseph","Pirithous",990042551,"XL D 50"
"Mozart, Wolfgang Amadeus","Don Giovanni. Overture",990043107,"W. A. Mozart 24/I"
"Mozart, Wolfgang Amadeus","Così fan tutte",990043313,"W. A. Mozart 25/II"
"Mozart, Wolfgang Amadeus","La clemenza di Tito",990043695,"Sammelband 4/I"
"Mozart, Wolfgang Amadeus","Non temer amato bene",990043842,"Sammelband 4/II"
"Mozart, Wolfgang Amadeus","Symphonies",990044055,"W. A. Mozart 5"
"Mozart, Wolfgang Amadeus","Symphonies",990044101,"W. A. Mozart 6"
"Mozart, Wolfgang Amadeus","Symphonies",990044117,"W. A. Mozart 7"
"Mozart, Wolfgang Amadeus","Deutsche Tänze",990044210,"W. A. Mozart 18/II"
"Mozart, Wolfgang Amadeus","Minuets",990044221,"W. A. Mozart 18/I"
"Mozart, Wolfgang Amadeus","Concertos",990044341,"W. A. Mozart 11"
"Mozart, Wolfgang Amadeus","Concertos",990044350,"W. A. Mozart 12"
"Mozart, Wolfgang Amadeus","Concertos",990044360,"W. A. Mozart 13"
"Mozart, Wolfgang Amadeus","Concertos",990044378,"W. A. Mozart 14"
"Mozart, Wolfgang Amadeus","Concertos",990044381,"W. A. Mozart 13"
"Mozart, Wolfgang Amadeus","Divertimentos",990044456,"W. A. Mozart 16/II"
"Mozart, Wolfgang Amadeus","Divertimentos",990044459,"W. A. Mozart 16/III"
"Mozart, Wolfgang Amadeus","Divertimentos",990044460,"W. A. Mozart 16/I"
"Mozart, Wolfgang Amadeus","Quintets",990044484,"W. A. Mozart 15/III"
"Mozart, Wolfgang Amadeus","Quintets",990044509,"W. A. Mozart 15/I"
"Mozart, Wolfgang Amadeus","Quintets",990044525,"W. A. Mozart 15/II"
"Mozart, Wolfgang Amadeus","3 Quartets",990044705,"W. A. Mozart 15"
"Mozart, Wolfgang Amadeus","Sonatas",990045026,"W. A. Mozart 9"
"Mozart, Wolfgang Amadeus","Sonatas",990045076,"W. A. Mozart 9"
"Müller, Wenzel","Das Sonnenfest der Braminen",990046354,"Wenzel 1"
"Naudot, Jacques Christophe","Sonatas",990046709,"Naudot 1"
"Naumann, Johann Gottlieb","6 Arias",990046794,"Sammelband 5/I"
"Navoigille, Guillaume","6 Symphonies",990046853,"Navoigille 1"
"Neubauer, František Kryštof ","Symphonies",990046982,"Neubauer 2"
"Neubauer, František Kryštof ","Symphonies",990046991,"Neubauer 3"
"Neubauer, František Kryštof ","Quartets",990047006,"Neubauer 8/I-II"
"Oberndörffer, David","Allegrezza musicale",990047360,"F.K. Mus. 103"
"Paisiello, Giovanni ","Le gare generose",990047936,"Sammelband 4/II"
"Paisiello, Giovanni ","Nina",990048035,"Paisiello 11/II"
"Paisiello, Giovanni ","Insertions",990048181,"Sammelband 4/II"
"Paisiello, Giovanni ","Insertions",990048189,"Paisiello 27"
"Pfendner, Heinrich","Motetti, liber 2",990049278,"F.K. Mus. 36/3"
"Philidor, François-André","Tom Jones",990049403,"Philidor 2/I"
"Piccinni, Niccolò","Alessandro nelle Indie",990049529,"Piccinni 9"
"Pichl, Václav","6 Symphonies",990049688,"Pichl 14"
"Pleyel, Ignace","Symphonies concertantes",990050272,"Pleyel 19"
"Pleyel, Ignace","Symphonies",990050393,"Pleyel 20"
"Pleyel, Ignace","Sextets",990050442,"Pleyel 33"
"Pleyel, Ignace","Quintets",990050483,"Pleyel 30/2"
"Pleyel, Ignace","Quintets",990050486,"Pleyel 30/3"
"Pleyel, Ignace","Quintets",990050488,"Pleyel 30/4"
"Pleyel, Ignace","3 Quintets",990050496,"Pleyel 32"
"Pleyel, Ignace","Quintets",990050505,"Pleyel 30"
"Pleyel, Ignace","Symphonies",990050509,"Sammelband 7"
"Pleyel, Ignace","Septets",990050510,"Pleyel 31"
"Pleyel, Ignace","Symphonies concertantes",990050514,"Pleyel 30/6"
"Pleyel, Ignace","Divertimentos",990050522,"Pleyel 30/5"
"Pleyel, Ignace","Symphonies",990050526,"Sammelband 7"
"Pleyel, Ignace","6 Quartets",990050565,"Pleyel 23"
"Pleyel, Ignace","Quartets",990050592,"Pleyel 24"
"Pleyel, Ignace","3 Quartets",990050784,"Pleyel 28"
"Pleyel, Ignace","3 Quartets",990050806,"Pleyel 26"
"Pleyel, Ignace","Quartets",990050825,"Pleyel 27"
"Pleyel, Ignace","Quartets",990050909,"Pleyel 38"
"Pleyel, Ignace","3 Quartets",990050910,"Sammelband 7"
"Pleyel, Ignace","Trios",990051026,"Pleyel 34"
"Pleyel, Ignace","Trios",990051049,"Pleyel 34"
"Pleyel, Ignace","3 Trios",990051222,"Pleyel 35"
"Pleyel, Ignace","Quartets",990051276,"Sammelband 7"
"Pleyel, Ignace","Quartets",990051278,"Sammelband 7"
"Pleyel, Ignace","Quartets",990051298,"Sammelband 7"
"Pleyel, Ignace","Quartets",990051331,"Pleyel 39"
"Pleyel, Ignace","Quartets",990051972,"Sammelband 7"
"Pleyel, Ignace","Quartets",990052126,"Pleyel 36"
"Quentin, Jean-Baptiste","10 Sonatas",990053337,"XL K 43"
"Rameau, Jean-Philippe","Hippolyte et Aricie",990053569,"F.K. Mus. 61 Abth. II."
"Reggio, Hoste da","Madrigals",990037991,"F.K. Mus. 27.28/2, F.K. Mus. 53"
"Reicha, Joseph","Concertos",990054165,"Reicha 3"
"Reichardt, Johann Friedrich","Brenno",992000573,"Reichardt 2/I"
"Reiner, Jacob","Sacred songs",990054460,"F.K. Mus. 62.63"
"Rolle, Johann Heinrich","Thirza und ihre Söhne",990055402,"Rolle 1"
"Rosetti, Antonio","Der sterbende Jesus",990055895,"Rosetti 25/I-II"
"Rosetti, Antonio","3 Symphonies",990055905,"Rosetti 2"
"Rosetti, Antonio","Symphonies",990055909,"Rosetti 1"
"Rosetti, Antonio","Quartets",990055930,"Rosetti 23"
"Rudolph, Johann Joseph","L'aveugle de Palmire",990055156,"Rodolphe 1"
"Rüttinger, Johann Caspar","Sonatas",991009163,"Rüttinger 1"
"Sales, Franz","Patrocinium musices, tomus 1",990056914,"F.K. Mus. 57 II. Abth."
"Salieri, Antonio","Falstaff",990057023,"Salieri 4"
"Salieri, Antonio","La grotta di Trofonio",990057039,"Salieri 10/I-II"
"Sarti, Giuseppe","I finti eredi",990057408,"Sammelband 4/II"
"Sarti, Giuseppe","Fra i due litiganti il terzo gode",990057428,"Sammelband 4/II"
"Schacht, Theodor von","La Rosière de Salency",990057680,"Schacht 151/II"
"Schacht, Theodor von","Lausus e Lydia",990057681,"Schacht 154/III"
"Schacht, Theodor von","12 Sonatas",990057682,"Schacht 64"
"Schneider, Georg Laurenz","Symphonies",990058323,"G. Laur. Schneider 1"
"Solnitz, Anton Wilhelm ","12 Symphonies",990060267,"Solnitz 1"
"Stamitz, Carl","Symphonies concertantes",990060781,"Stamitz 34"
"Stamitz, Carl","Quartets",990060808,"Stamitz 41"
"Steibelt, Daniel","Rondos",990061860,"Steibelt 1"
"Sterkel, Johann Franz Xaver ","6 Duettini",990062066,"Sammelband 4/I"
"Sterkel, Johann Franz Xaver ","Gesänge",990062119,"PrD mus. 6"
"Sterkel, Johann Franz Xaver ","Odes",990062140,"Sterkel 9/I"
"Sterkel, Johann Franz Xaver ","Sinfonie périodique",990062174,"Sterkel 4"
"Sterkel, Johann Franz Xaver ","Symphonies",990062177,"Sterkel 5"
"Sterkel, Johann Franz Xaver ","Quintets",990062198,"Sterkel 8"
"Sterkel, Johann Franz Xaver ","Duets",990062284,"Sammelband 7"
"Süßmayr, Franz Xaver","Der Retter in Gefahr",990063424,"Süssmayer 3/I"
"Utendal, Alexander","Septem psalmi poenitentiales",990065023,"F.K. Mus. 6.7/8"
"Utendal, Alexander","Sacrarum cantionum, liber 1",990065024,"F.K. Mus. 6.7/4"
"Utendal, Alexander","Sacrae cantiones",990065025,"F.K. Mus. 6.7/5"
"Utendal, Alexander","Masses",990065026,"F.K. Mus. 6.7/7"
"Utendal, Alexander","Fröhliche newe teutsche und frantzösische Lieder",990065027,"F.K. Mus. 6.7/9"
"Utendal, Alexander","Sacrarum cantionum, liber 3",990065029,"F.K. Mus. 6.7/6"
"Vachon, Pierre","Sara",990065050,"Vachon 1/I-II"
"Valckiers, Josephine","4 Romances",991004815,"Valckiers 1"
"Vandenbroek, Othon-Joseph","Symphonies",990065232,"Vandenbroek 1"
"Vandenbroek, Othon-Joseph","Symphonies concertantes",990065235,"Vandenbroek 2"
"Vandenbroek, Othon-Joseph","3 Symphonies",992002653,"Vandenbroek 3"
"Vanderhagen, Amand","Le cantatrici villane",990065264,"Vanderhagen 1"
"Vanhal, Johann Baptist","Quintets",990065374,"Vanhal 44"
"Vanhal, Johann Baptist","Divertissement",990065376,"Vanhal 46/II"
"Vanhal, Johann Baptist","Quartets",990065397,"Vanhal 43, 43/1-5"
"Vanhal, Johann Baptist","Keyboard pieces",990065668,"Vanhal 46/I"
"Veichtner, Franz Adam","Symphonies",990066114,"Veichtner 1"
"Vento, Ivo de","Partsongs",990066141,"F.K. Mus. 4.5/4"
"Venturini, Francesco","Concertos",990066210,"Venturini 1"
"Victoria, Tomás Luis de","Cantiones sacrae",990066435,"F.K. Mus. 51"
"Viotti, Giovanni Battista","Symphonies concertantes",990066712,"Viotti 1"
"Weigl, Joseph","L'accademia del maestro Cisolfaut",991006047,"Sammelband 4/I"
"Weigl, Joseph","L'amor marinaro ossia Il corsaro",991006077,"Sammelband 4/I"
"Weigl, Joseph","L'amor marinaro ossia Il corsaro",991006079,"Sammelband 4/I"
"Weigl, Joseph","L'amor marinaro ossia Il corsaro",991006079,"Sammelband 4/I"
"Weigl, Joseph","L'amor marinaro",991006080,"Sammelband 4/I"
"Weigl, Joseph","L'amor marinaro ossia Il corsaro",991006084,"Sammelband 4/I"
"Weigl, Joseph","Die Schweizer Familie",991006221,"Weigl 3"
"Went, Johann Nepomuk","3 Quartets",990068245,"Went 1"
"Wessely, Johann","3 Quartets",990068382,"Wessely 1"
"Wessely, Johann","2 Quartets",990068387,"Wessely 1"
"Wessely, Johann","Quartets",990068388,"Wessely 1"
"Wranitzky, Anton","3 Quartets",990069351,"A. Wranitzky 1"
"Wranitzky, Paul","Symphonies",280002210,"P. Wranitzky 6"
"Wranitzky, Paul","Symphonies",990069428,"P. Wranitzky 2"
"Wranitzky, Paul","3 Symphonies",990069430,"P. Wranitzky 3, 4, 5"
"Wranitzky, Paul","Symphonies",990069434,"P. Wranitzky 7"
"Wranitzky, Paul","Symphonies",990069435,"P. Wranitzky 9"
"Wranitzky, Paul","Symphonies",990069437,"P. Wranitzky 8"
"Wranitzky, Paul","Symphonies",990069442,"P. Wranitzky 10"
"Wranitzky, Paul","Quartets",990069469,"P. Wranitzky 11"
"Wranitzky, Paul","Quartets",990069472,"P. Wranitzky 12"
"Wranitzky, Paul","6 Quartets",990069475,"P. Wranitzky 13"
"Wranitzky, Paul","6 Quartets",990069488,"P. Wranitzky 14"
"Zacharia, Cesare de","Patrocinium musices",990069698,"F.K. Mus. 50 II. Abtheilung"
"Zanchi, Liberale","Madrigali, libro 3",990069716,"F.K. Mus. 36/5"
"Zimmermann, Anton","Andromeda und Perseus",990069897,"Zimmermann 16/I"
"Zingarelli, Niccolò Antonio","Giulietta e Romeo",990069956,"Sammelband 4/II"
"Zumsteeg, Johann Rudolf","Lieder",990070278,"Sammelband 5/2"
